"Date","Loc","Daily_max_chl","Daily_min_chl","Daily_mean_chl","Daily_n_obs_chl","Daily_range_chl","month_name","year","day"
2017-05-17,"jlhaw",13.4352941176471,13.3378378378378,13.3865659777424,2,0.0974562798092204,"May",2017,17
2017-05-18,"jlhaw",14.1,-0.718181818181818,11.5977577243018,12,14.8181818181818,"May",2017,18
2017-05-19,"jlhaw",14.4470588235294,10.7,12.218487933635,13,3.74705882352941,"May",2017,19
2017-05-20,"jlhaw",11.7117647058824,-0.416,8.25437878787879,11,12.1277647058824,"May",2017,20
2017-05-21,"jlhaw",16.48,8.44117647058824,13.7279486154111,10,8.03882352941176,"May",2017,21
2017-05-22,"jlhaw",13.725,4.09047619047619,10.0264528969483,11,9.63452380952381,"May",2017,22
2017-05-23,"jlhaw",12.1588235294118,9.94117647058824,10.7366013071895,12,2.21764705882353,"May",2017,23
2017-05-24,"jlhaw",8.70555555555556,7.23529411764706,7.85145969498911,6,1.4702614379085,"May",2017,24
2017-05-26,"jlhaw",9.4,3.98032786885246,7.45574643609721,9,5.41967213114754,"May",2017,26
2017-05-27,"jlhaw",9.61875,6.8375,7.75502249384602,11,2.78125,"May",2017,27
2017-05-28,"jlhaw",9.58333333333333,6.88125,8.18004679144385,11,2.70208333333333,"May",2017,28
2017-05-29,"jlhaw",12.9166666666667,8.24117647058823,10.1919445682313,12,4.67549019607843,"May",2017,29
2017-05-30,"jlhaw",14.15625,8.71764705882353,11.0114031862745,12,5.43860294117647,"May",2017,30
2017-05-31,"jlhaw",21.5375,16.1875,18.7401915634675,10,5.35,"May",2017,31
2017-06-01,"jlhaw",22.8428571428571,15.9529411764706,18.0074492296919,8,6.88991596638655,"June",2017,1
2017-06-03,"jlhaw",12.2117647058824,10.58125,11.304224877451,8,1.63051470588235,"June",2017,3
2017-06-04,"jlhaw",12.175,8.62666666666667,10.1330105236539,12,3.54833333333333,"June",2017,4
2017-06-05,"jlhaw",13.7176470588235,9.8875,11.5196449220714,12,3.83014705882353,"June",2017,5
2017-06-06,"jlhaw",9.43529411764706,9.43529411764706,9.43529411764706,1,0,"June",2017,6
2017-06-07,"jlhaw",10.03125,7.35625,8.36670454545455,5,2.675,"June",2017,7
2017-06-12,"jlhaw",13,8.39411764705882,10.7241796817983,13,4.60588235294118,"June",2017,12
2017-06-13,"jlhaw",12.68125,9.03888888888889,10.9878472222222,4,3.64236111111111,"June",2017,13
2017-06-14,"jlhaw",10.46875,6.8375,8.31281013501892,12,3.63125,"June",2017,14
2017-06-15,"jlhaw",8.29375,6.32857142857143,7.23027769587367,12,1.96517857142857,"June",2017,15
2017-06-16,"jlhaw",10.84,6.5875,8.03366911764706,10,4.2525,"June",2017,16
2017-06-17,"jlhaw",10.26875,7.32941176470588,8.75933687363835,12,2.93933823529412,"June",2017,17
2017-06-18,"jlhaw",9.425,5.59444444444444,6.71180685237058,9,3.83055555555556,"June",2017,18
2017-06-19,"jlhaw",10.60625,4.85,6.4392265495942,13,5.75625,"June",2017,19
2017-06-20,"jlhaw",9.04375,6.9625,7.92068014705882,4,2.08125,"June",2017,20
2017-06-21,"jlhaw",12.4705882352941,8.99333333333333,10.5356387403446,11,3.47725490196078,"June",2017,21
2017-06-22,"jlhaw",11.7176470588235,8.67222222222222,10.2130790620342,12,3.04542483660131,"June",2017,22
2017-06-23,"jlhaw",11.2533333333333,7.95,10.0270777433781,12,3.30333333333333,"June",2017,23
2017-06-24,"jlhaw",16.39375,13.08,14.8666578159041,12,3.31375,"June",2017,24
2017-06-25,"jlhaw",15.74375,12.7941176470588,14.2980385797481,12,2.94963235294118,"June",2017,25
2017-06-26,"jlhaw",21.8,11.81875,14.7241866615067,12,9.98125,"June",2017,26
2017-06-27,"jlhaw",25.3777777777778,17.2789473684211,21.1873068516093,12,8.09883040935672,"June",2017,27
2017-06-28,"jlhaw",19.8733333333333,13.69375,16.5040243736383,12,6.17958333333334,"June",2017,28
2017-06-29,"jlhaw",19.1352941176471,13.5588235294118,16.7474373638344,12,5.5764705882353,"June",2017,29
2017-06-30,"jlhaw",16.9066666666667,12.9411764705882,14.7111254084967,12,3.96549019607843,"June",2017,30
2017-07-01,"jlhaw",18.475,10.0764705882353,13.6364549291939,12,8.39852941176471,"July",2017,1
2017-07-02,"jlhaw",15.892,11.16875,12.8123745915033,12,4.72325,"July",2017,2
2017-07-03,"jlhaw",16.8555555555556,12.0875,14.3269035947712,12,4.76805555555555,"July",2017,3
2017-07-04,"jlhaw",20.0352941176471,12.7058823529412,16.3636703431373,12,7.32941176470588,"July",2017,4
2017-07-05,"jlhaw",17.6555555555556,11.0875,14.8330858309719,12,6.56805555555555,"July",2017,5
2017-07-06,"jlhaw",15.9222222222222,11.9666666666667,13.8152777777778,12,3.95555555555556,"July",2017,6
2017-07-07,"jlhaw",17.5473684210526,12.5222222222222,13.9494559468524,12,5.02514619883041,"July",2017,7
2017-07-08,"jlhaw",12.3888888888889,8.32352941176471,10.5673082010582,12,4.06535947712418,"July",2017,8
2017-07-09,"jlhaw",14.8,9.49375,11.5222142034164,12,5.30625,"July",2017,9
2017-07-12,"jlhaw",10.2882352941176,6.57777777777778,8.24595588235294,6,3.71045751633987,"July",2017,12
2017-07-13,"jlhaw",9.00625,7.32941176470588,8.37289794389978,12,1.67683823529412,"July",2017,13
2017-07-14,"jlhaw",10.3625,6.78823529411765,8.66832610529592,12,3.57426470588235,"July",2017,14
2017-07-15,"jlhaw",12.95,5.83888888888889,8.89608452299048,12,7.11111111111111,"July",2017,15
2017-07-16,"jlhaw",11.90625,5.94375,8.77811733582322,12,5.9625,"July",2017,16
2017-07-17,"jlhaw",11.6444444444444,6.74444444444444,9.34259026344456,12,4.9,"July",2017,17
2017-07-18,"jlhaw",13.5529411764706,6.29411764705882,8.5388167211329,12,7.25882352941176,"July",2017,18
2017-07-19,"jlhaw",6.61764705882353,4.28823529411765,5.47131152534113,12,2.32941176470588,"July",2017,19
2017-07-20,"jlhaw",10.3666666666667,3.41666666666667,6.80269876590987,12,6.95,"July",2017,20
2017-07-21,"jlhaw",7.41176470588235,3.75555555555556,5.20479302832244,12,3.6562091503268,"July",2017,21
2017-07-22,"jlhaw",6.3875,4.24375,5.35091858015136,12,2.14375,"July",2017,22
2017-07-23,"jlhaw",5.78888888888889,3.23529411764706,4.71749407423788,12,2.55359477124183,"July",2017,23
2017-07-24,"jlhaw",7.4375,4.45882352941176,6.02575912309368,12,2.97867647058824,"July",2017,24
2017-07-25,"jlhaw",6.4125,4.74444444444444,5.38515974372205,12,1.66805555555556,"July",2017,25
2017-07-26,"jlhaw",4.76666666666667,4.52352941176471,4.66767285861713,4,0.243137254901961,"July",2017,26
2017-12-14,"jlhaw",56.7823529411765,48.825,52.8036764705882,12,7.95735294117647,"December",2017,14
2017-12-15,"jlhaw",69.5352941176471,66.375,68.4117647058823,12,3.16029411764706,"December",2017,15
2017-12-16,"jlhaw",65.2911764705882,62.2088235294118,63.75,12,3.08235294117647,"December",2017,16
2017-12-17,"jlhaw",68.4441176470588,54.4735294117647,62.1774509803922,12,13.9705882352941,"December",2017,17
2017-12-19,"jlhaw",63.2777777777778,63.2777777777778,63.2777777777778,12,0,"December",2017,19
2017-12-20,"jlhaw",76.7176470588235,68.0970588235294,72.4073529411765,12,8.62058823529412,"December",2017,20
2017-12-23,"jlhaw",52.609375,49.7375,51.1734375,12,2.871875,"December",2017,23
2017-12-24,"jlhaw",52.6676470588235,52.6676470588235,52.6676470588235,12,0,"December",2017,24
2017-12-25,"jlhaw",47.0733333333333,40.825,44.3827777777778,12,6.24833333333333,"December",2017,25
2017-12-26,"jlhaw",38.1472222222222,38.1472222222222,38.1472222222222,12,0,"December",2017,26
2017-12-27,"jlhaw",34.634375,28.21875,31.8801930147059,13,6.415625,"December",2017,27
2017-12-30,"jlhaw",40.8735294117647,36.003125,38.4383272058824,12,4.87040441176471,"December",2017,30
2018-01-24,"jlhaw",26.7588235294118,26.7588235294118,26.7588235294118,12,0,"January",2018,24
2018-01-25,"jlhaw",24.85625,17.05,21.6000735294118,13,7.80625,"January",2018,25
2018-01-27,"jlhaw",23.9166666666667,11.7527777777778,18.6753703703704,12,12.1638888888889,"January",2018,27
2018-01-29,"jlhaw",25.5882352941176,23.6631578947368,24.6004643962848,12,1.92507739938081,"January",2018,29
2018-01-30,"jlhaw",21.9944444444444,17.23125,18.8866319444444,12,4.76319444444444,"January",2018,30
2018-01-31,"jlhaw",19.3277777777778,18.8647058823529,19.0962418300654,13,0.463071895424839,"January",2018,31
2018-02-01,"jlhaw",18.3888888888889,17.15,17.966087962963,12,1.23888888888889,"February",2018,1
2018-02-02,"jlhaw",19.7029411764706,19.7029411764706,19.7029411764706,12,0,"February",2018,2
2018-02-03,"jlhaw",16.50625,16.50625,16.50625,12,0,"February",2018,3
2018-02-04,"jlhaw",21.6676470588235,20.35,20.9951388888889,12,1.31764705882353,"February",2018,4
2018-02-05,"jlhaw",16.5735294117647,14.5166666666667,15.3522875816993,12,2.05686274509804,"February",2018,5
2018-02-06,"jlhaw",12.6529411764706,12.6529411764706,12.6529411764706,12,0,"February",2018,6
2018-02-07,"jlhaw",20.6911764705882,17.5088235294118,19.1,12,3.18235294117647,"February",2018,7
2018-02-08,"jlhaw",11.7033333333333,11.7033333333333,11.7033333333333,12,0,"February",2018,8
2018-02-09,"jlhaw",13.7972222222222,11.4911764705882,12.6441993464052,12,2.30604575163399,"February",2018,9
2018-02-12,"jlhaw",15.69375,15.69375,15.69375,12,0,"February",2018,12
2018-02-13,"jlhaw",16.190625,15.0555555555556,15.5079861111111,12,1.13506944444445,"February",2018,13
2018-02-16,"jlhaw",15.05,15.05,15.05,12,0,"February",2018,16
2018-02-17,"jlhaw",16.2529411764706,16.1305555555556,16.1917483660131,12,0.122385620915033,"February",2018,17
2018-02-18,"jlhaw",14.934375,14.934375,14.934375,12,0,"February",2018,18
2018-02-19,"jlhaw",21.875,21.875,21.875,13,0,"February",2018,19
2018-02-21,"jlhaw",19.88,19.2852941176471,19.5826470588235,12,0.59470588235294,"February",2018,21
2018-02-22,"jlhaw",15.9588235294118,15.9588235294118,15.9588235294118,12,0,"February",2018,22
2018-02-23,"jlhaw",17.015625,17.015625,17.015625,12,0,"February",2018,23
2018-02-26,"jlhaw",15.3088235294118,15.3088235294118,15.3088235294118,12,0,"February",2018,26
2018-02-27,"jlhaw",16.8735294117647,16.8735294117647,16.8735294117647,9,0,"February",2018,27
2018-03-03,"jlhaw",15.2235294117647,15.2235294117647,15.2235294117647,12,0,"March",2018,3
2018-03-05,"jlhaw",18.2382352941176,16.3117647058824,17.275,11,1.92647058823529,"March",2018,5
2018-03-06,"jlhaw",20.7176470588235,20.4944444444444,20.606045751634,12,0.223202614379087,"March",2018,6
2018-03-10,"jlhaw",23.175,23.175,23.175,12,0,"March",2018,10
2018-03-16,"jlhaw",19.4375,19.4375,19.4375,9,0,"March",2018,16
2018-03-17,"jlhaw",31.70625,16.05,23.878125,12,15.65625,"March",2018,17
2018-03-18,"jlhaw",25.5,25.5,25.5,12,0,"March",2018,18
2018-03-21,"jlhaw",34.0176470588235,26.75,30.3838235294118,12,7.26764705882353,"March",2018,21
2018-03-22,"jlhaw",22.071875,22.071875,22.071875,12,0,"March",2018,22
2018-03-23,"jlhaw",28.359375,20.175,24.2671875,11,8.184375,"March",2018,23
2018-03-25,"jlhaw",35.6058823529412,32.3861111111111,33.9959967320261,11,3.21977124183007,"March",2018,25
2018-03-27,"jlhaw",40.890625,38.36875,39.4041053921569,11,2.521875,"March",2018,27
2018-03-28,"jlhaw",29.1433333333333,28.425,28.7841666666667,12,0.718333333333334,"March",2018,28
2018-03-29,"jlhaw",30.2375,30.2375,30.2375,12,0,"March",2018,29
2018-03-30,"jlhaw",38.9233333333333,35.909375,37.4163541666667,12,3.01395833333333,"March",2018,30
2018-03-31,"jlhaw",26.34375,15.871875,21.1078125,12,10.471875,"March",2018,31
2018-04-01,"jlhaw",23.1941176470588,21.6805555555556,22.4373366013072,12,1.51356209150327,"April",2018,1
2018-04-03,"jlhaw",29.1138888888889,29.1138888888889,29.1138888888889,12,0,"April",2018,3
2018-04-06,"jlhaw",26.8058823529412,23.603125,25.2045036764706,12,3.20275735294118,"April",2018,6
2018-04-08,"jlhaw",23.25,23.25,23.25,9,0,"April",2018,8
2018-04-09,"jlhaw",19.70625,17.471875,18.5890625,6,2.234375,"April",2018,9
2018-04-10,"jlhaw",20.2,20.2,20.2,12,0,"April",2018,10
2018-04-12,"jlhaw",9.2,9.2,9.2,13,0,"April",2018,12
2018-04-19,"jlhaw",8.02222222222222,8.02222222222222,8.02222222222222,10,0,"April",2018,19
2018-04-24,"jlhaw",8.43888888888889,7.21764705882353,7.82826797385621,13,1.22124183006536,"April",2018,24
2018-04-25,"jlhaw",10.7333333333333,10.7333333333333,10.7333333333333,10,0,"April",2018,25
2018-04-28,"jlhaw",9,9,9,12,0,"April",2018,28
2018-04-30,"jlhaw",7.1375,5.2,6.44630310457516,9,1.9375,"April",2018,30
2018-05-01,"jlhaw",8.87777777777778,7.98888888888889,8.43333333333333,12,0.888888888888889,"May",2018,1
2018-05-02,"jlhaw",9.55294117647059,9.55294117647059,9.55294117647059,10,0,"May",2018,2
2018-05-03,"jlhaw",6.9,6.9,6.9,12,0,"May",2018,3
2018-05-07,"jlhaw",7.95263157894737,6.74444444444444,7.34853801169591,12,1.20818713450292,"May",2018,7
2018-05-09,"jlhaw",11.6,11.6,11.6,13,0,"May",2018,9
2018-05-14,"jlhaw",13.2941176470588,13.2941176470588,13.2941176470588,12,0,"May",2018,14
2018-05-17,"jlhaw",12.1833333333333,12.1833333333333,12.1833333333333,12,0,"May",2018,17
2018-05-20,"jlhaw",10.2105263157895,10.2105263157895,10.2105263157895,13,0,"May",2018,20
2018-05-21,"jlhaw",8.99411764705882,8.99411764705882,8.99411764705882,11,0,"May",2018,21
2018-05-24,"jlhaw",12.8555555555556,12.8555555555556,12.8555555555556,10,0,"May",2018,24
2018-05-27,"jlhaw",16.2375,16.2375,16.2375,12,0,"May",2018,27
2018-05-28,"jlhaw",19.7588235294118,15.31875,18.3123702843711,12,4.44007352941176,"May",2018,28
2018-05-29,"jlhaw",22.8,16.1444444444444,18.86075708061,12,6.65555555555556,"May",2018,29
2018-05-30,"jlhaw",42.1058823529412,20.4,28.5585771772159,12,21.7058823529412,"May",2018,30
2018-05-31,"jlhaw",26.7833333333333,12.4388888888889,20.6562621832359,12,14.3444444444444,"May",2018,31
2018-06-01,"jlhaw",23.9529411764706,14.5823529411765,19.2789201353056,12,9.37058823529412,"June",2018,1
2018-06-02,"jlhaw",21.0055555555556,13.675,16.4280038126362,12,7.33055555555556,"June",2018,2
2018-06-03,"jlhaw",12.3230769230769,9.59444444444444,10.8829985699858,10,2.72863247863248,"June",2018,3
2018-06-04,"jlhaw",10.5944444444444,6.94,8.91466481768146,12,3.65444444444445,"June",2018,4
2018-06-05,"jlhaw",12.5117647058824,9.20588235294118,10.8632682605206,11,3.30588235294118,"June",2018,5
2018-06-06,"jlhaw",13.7111111111111,9.39375,11.8160843796583,12,4.31736111111111,"June",2018,6
2018-06-07,"jlhaw",19.7444444444444,13.45625,16.401175503096,12,6.28819444444444,"June",2018,7
2018-06-08,"jlhaw",26.35,15.2529411764706,19.1921119639376,12,11.0970588235294,"June",2018,8
2018-06-09,"jlhaw",18.6111111111111,11.5611111111111,14.8453391239537,12,7.05,"June",2018,9
2018-06-10,"jlhaw",21.6705882352941,12.5105263157895,16.5016538319209,12,9.16006191950465,"June",2018,10
2018-06-11,"jlhaw",20.2,13.4722222222222,16.4587556561086,12,6.72777777777778,"June",2018,11
2018-06-12,"jlhaw",24.6333333333333,13.9944444444444,18.646918787983,11,10.6388888888889,"June",2018,12
2018-06-13,"jlhaw",21.5631578947368,9.57777777777778,14.5329751820319,12,11.9853801169591,"June",2018,13
2018-06-14,"jlhaw",18.8888888888889,13.6421052631579,16.7175178806903,12,5.24678362573099,"June",2018,14
2018-06-15,"jlhaw",21.4058823529412,13.4473684210526,18.1508359849788,12,7.95851393188854,"June",2018,15
2018-06-16,"jlhaw",17.1235294117647,12.0166666666667,14.1720574618736,12,5.10686274509804,"June",2018,16
2018-06-17,"jlhaw",14.7777777777778,9.15882352941176,11.8294535121741,12,5.61895424836601,"June",2018,17
2018-06-18,"jlhaw",15.8941176470588,10.4611111111111,13.5027869152047,12,5.43300653594771,"June",2018,18
2018-06-19,"jlhaw",13.1705882352941,10.4631578947368,11.3798105865153,12,2.70743034055728,"June",2018,19
2018-06-20,"jlhaw",15.8526315789474,9.83529411764706,12.1417180870886,12,6.01733746130031,"June",2018,20
2018-06-21,"jlhaw",14.3555555555556,7.81176470588235,10.8971151139882,12,6.5437908496732,"June",2018,21
2018-06-22,"jlhaw",15.6,10.6368421052632,12.3655383556932,12,4.96315789473684,"June",2018,22
2018-06-23,"jlhaw",13.7055555555556,12.6904761904762,13.1980158730159,12,1.01507936507937,"June",2018,23
2018-06-24,"jlhaw",12.8888888888889,12.8888888888889,12.8888888888889,12,0,"June",2018,24
2018-06-25,"jlhaw",15.7,15.7,15.7,12,0,"June",2018,25
2018-06-28,"jlhaw",13.5,13.5,13.5,12,0,"June",2018,28
2018-06-29,"jlhaw",13.8888888888889,10.6111111111111,11.9640931372549,12,3.27777777777778,"June",2018,29
2018-07-01,"jlhaw",11.1684210526316,11.1684210526316,11.1684210526316,13,0,"July",2018,1
2018-07-02,"jlhaw",9.37894736842105,7.73888888888889,8.43742690058479,12,1.64005847953216,"July",2018,2
2018-07-10,"jlhaw",10.3647058823529,10.3647058823529,10.3647058823529,12,0,"July",2018,10
2018-07-11,"jlhaw",10.4777777777778,10.4777777777778,10.4777777777778,12,0,"July",2018,11
2018-07-16,"jlhaw",12.60625,10.0764705882353,11.2980970860566,11,2.52977941176471,"July",2018,16
2018-07-17,"jlhaw",12.65625,9.905,10.9973563453159,12,2.75125,"July",2018,17
2018-07-18,"jlhaw",15.6,10.5588235294118,12.7076621252415,12,5.04117647058824,"July",2018,18
2018-07-19,"jlhaw",12.8,8.5,10.5187510253764,12,4.3,"July",2018,19
2018-07-22,"jlhaw",10.2875,10.2875,10.2875,11,0,"July",2018,22
2018-07-30,"jlhaw",17,17,17,12,0,"July",2018,30
2018-08-01,"jlhaw",13.55,13.55,13.55,12,0,"August",2018,1
2018-08-10,"jlhaw",21.6705882352941,14.5578947368421,16.9786879371632,12,7.11269349845201,"August",2018,10
2018-08-16,"jlhaw",16.2277777777778,15.7666666666667,15.9972222222222,12,0.46111111111111,"August",2018,16
2018-08-18,"jlhaw",15.2722222222222,15.2722222222222,15.2722222222222,12,0,"August",2018,18
2018-08-23,"jlhaw",14.15,14.15,14.15,12,0,"August",2018,23
2018-09-04,"jlhaw",17.4833333333333,15.8684210526316,16.4765006879945,11,1.61491228070176,"September",2018,4
2018-09-05,"jlhaw",13.8882352941176,13.8882352941176,13.8882352941176,12,0,"September",2018,5
2018-09-07,"jlhaw",16.9705882352941,16.9705882352941,16.9705882352941,11,0,"September",2018,7
2018-09-14,"jlhaw",9.62727272727273,8.82222222222222,9.199037999038,12,0.805050505050504,"September",2018,14
2018-09-22,"jlhaw",13.4,13.4,13.4,12,0,"September",2018,22
2018-09-23,"jlhaw",15.2,15.2,15.2,12,0,"September",2018,23
2018-09-24,"jlhaw",14.5875,10.73125,12.1684300364883,12,3.85625,"September",2018,24
2018-09-25,"jlhaw",27.4470588235294,15.1705882352941,20.1949188739823,12,12.2764705882353,"September",2018,25
2018-09-26,"jlhaw",24.5444444444444,15.5888888888889,18.9681776084253,13,8.95555555555556,"September",2018,26
2018-09-27,"jlhaw",34.2888888888889,23.8222222222222,29.3487472766885,11,10.4666666666667,"September",2018,27
2018-09-28,"jlhaw",30.0764705882353,16.0294117647059,23.0465883714597,12,14.0470588235294,"September",2018,28
2018-09-29,"jlhaw",20.0722222222222,16.2111111111111,18.7022632152276,10,3.86111111111111,"September",2018,29
2018-09-30,"jlhaw",20.2631578947368,12.8055555555556,16.1446952757711,8,7.45760233918129,"September",2018,30
2018-10-01,"jlhaw",21.2277777777778,15.3944444444444,18.1832129342965,12,5.83333333333333,"October",2018,1
2018-10-02,"jlhaw",24.4294117647059,18.4277777777778,22.3708018002523,12,6.00163398692811,"October",2018,2
2018-10-03,"jlhaw",31.1736842105263,22.1388888888889,24.6401100791194,13,9.03479532163743,"October",2018,3
2018-10-04,"jlhaw",31.6411764705882,20.8611111111111,26.6368263387226,12,10.7800653594771,"October",2018,4
2018-10-05,"jlhaw",23.8705882352941,19.7294117647059,21.7407421740626,2,4.14117647058823,"October",2018,5
2018-10-06,"jlhaw",32.4705882352941,19.7470588235294,27.4029343681917,7,12.7235294117647,"October",2018,6
2018-10-07,"jlhaw",27.1882352941176,16.5058823529412,21.9292322411421,3,10.6823529411765,"October",2018,7
2018-10-08,"jlhaw",40.7611111111111,25.0941176470588,33.350973583878,1,15.6669934640523,"October",2018,8
2018-10-09,"jlhaw",27.5588235294118,26.3647058823529,27.1448801742919,2,1.19411764705882,"October",2018,9
2018-10-11,"jlhaw",13.7,13.7,13.7,1,0,"October",2018,11
2018-10-12,"jlhaw",11.9631578947368,11.9631578947368,11.9631578947368,6,0,"October",2018,12
2018-10-18,"jlhaw",11.6277777777778,11.6277777777778,11.6277777777778,1,0,"October",2018,18
2018-11-01,"jlhaw",17.5352941176471,17.5352941176471,17.5352941176471,1,0,"November",2018,1
2018-11-15,"jlhaw",6.54117647058824,6.29375,6.41746323529412,1,0.247426470588235,"November",2018,15
2018-11-18,"jlhaw",8.41111111111111,5.94444444444444,6.88714596949891,1,2.46666666666667,"November",2018,18
2018-11-24,"jlhaw",6.48235294117647,3.97222222222222,5.67102038183695,2,2.51013071895425,"November",2018,24
2018-11-25,"jlhaw",4.98888888888889,3.01111111111111,3.97825131524822,1,1.97777777777778,"November",2018,25
2018-11-26,"jlhaw",6.97368421052632,4.92941176470588,5.97695906432749,1,2.04427244582043,"November",2018,26
2018-11-27,"jlhaw",6.96111111111111,5.19411764705882,5.99455389811427,1,1.76699346405229,"November",2018,27
2018-11-28,"jlhaw",7.21875,3.5,5.3621512066365,2,3.71875,"November",2018,28
2018-11-29,"jlhaw",6.52222222222222,3.75882352941176,5.36897431487215,1,2.76339869281046,"November",2018,29
2018-11-30,"jlhaw",7.48235294117647,5.15625,6.58782805154225,1,2.32610294117647,"November",2018,30
2018-12-01,"jlhaw",10.1882352941176,6.43888888888889,8.99288307915759,3,3.74934640522876,"December",2018,1
2018-12-02,"jlhaw",7.07777777777778,6.67368421052632,6.86382066276803,1,0.404093567251461,"December",2018,2
2018-12-03,"jlhaw",10.6333333333333,5.28823529411765,7.92831957344341,1,5.34509803921569,"December",2018,3
2018-12-04,"jlhaw",5.91666666666667,2.55294117647059,4.3097313247468,1,3.36372549019608,"December",2018,4
2018-12-05,"jlhaw",8.6,2.5,4.8651555614936,4,6.1,"December",2018,5
2018-12-06,"jlhaw",6.42941176470588,3.72222222222222,5.1957686546841,4,2.70718954248366,"December",2018,6
2018-12-07,"jlhaw",7.9,6.43684210526316,7.34918613378366,2,1.46315789473684,"December",2018,7
2018-12-08,"jlhaw",6.64117647058824,5.32777777777778,6.09403107441807,1,1.31339869281046,"December",2018,8
2018-12-09,"jlhaw",6.47777777777778,4.27,5.17491544403309,8,2.20777777777778,"December",2018,9
2018-12-10,"jlhaw",5.95882352941176,3.74666666666667,5.04500709948674,2,2.2121568627451,"December",2018,10
2018-12-11,"jlhaw",5.73571428571429,4.46315789473684,5.1124189707781,1,1.27255639097744,"December",2018,11
2018-12-12,"jlhaw",7.5,4.83333333333333,5.74391124871001,1,2.66666666666667,"December",2018,12
2018-12-13,"jlhaw",5.7,4.08333333333333,4.91786881419234,2,1.61666666666667,"December",2018,13
2018-12-14,"jlhaw",7.125,5.80588235294118,6.35447712418301,6,1.31911764705882,"December",2018,14
2018-12-16,"jlhaw",8.11052631578947,6.22941176470588,7.26727231682147,2,1.88111455108359,"December",2018,16
2018-12-17,"jlhaw",8.22222222222222,6.42777777777778,7.22593452585713,8,1.79444444444445,"December",2018,17
2018-12-18,"jlhaw",7.38235294117647,5.98,6.66556233627054,7,1.40235294117647,"December",2018,18
2018-12-19,"jlhaw",9,5.62222222222222,7.18198887742231,6,3.37777777777778,"December",2018,19
2018-12-20,"jlhaw",9.94736842105263,8.2,9.08800214042732,3,1.74736842105263,"December",2018,20
2018-12-21,"jlhaw",9.32222222222222,6.67058823529412,8.37510946995757,1,2.6516339869281,"December",2018,21
2018-12-22,"jlhaw",9.21052631578947,7.46470588235294,8.4666394335512,8,1.74582043343653,"December",2018,22
2018-12-23,"jlhaw",9.47368421052632,6.95,8.11403326023392,2,2.52368421052631,"December",2018,23
2018-12-24,"jlhaw",8.42105263157895,6.98888888888889,7.64046303462906,5,1.43216374269006,"December",2018,24
2018-12-25,"jlhaw",9.51666666666667,7.43888888888889,8.2843137254902,1,2.07777777777778,"December",2018,25
2018-12-26,"jlhaw",9.31764705882353,6.6,8.27973591595883,1,2.71764705882353,"December",2018,26
2018-12-27,"jlhaw",9.29444444444444,7.16666666666667,8.50003260807247,1,2.12777777777778,"December",2018,27
2018-12-28,"jlhaw",10.8111111111111,6.87647058823529,8.75836199977067,3,3.93464052287582,"December",2018,28
2018-12-29,"jlhaw",9.74444444444445,6.57777777777778,8.04240547893799,1,3.16666666666667,"December",2018,29
2018-12-30,"jlhaw",9.88888888888889,7.33333333333333,8.26882668271987,9,2.55555555555556,"December",2018,30
2018-12-31,"jlhaw",10.6333333333333,7.23888888888889,8.85498366013072,3,3.39444444444444,"December",2018,31
2019-01-01,"jlhaw",7.71176470588235,5.46315789473684,6.45655180383557,4,2.24860681114551,"January",2019,1
2019-01-02,"jlhaw",8.78571428571428,5.28823529411765,6.49400471991029,2,3.49747899159664,"January",2019,2
2019-01-28,"jlhaw",7.67058823529412,2.5,6.23782679738562,2,5.17058823529412,"January",2019,28
2019-02-17,"jlhaw",0.1,0.1,0.1,1,0,"February",2019,17
2019-02-26,"jlhaw",8.06470588235294,8.06470588235294,8.06470588235294,3,0,"February",2019,26
2019-03-04,"jlhaw",7.3625,6.5,6.93125,1,0.8625,"March",2019,4
2019-03-05,"jlhaw",6.85,5.50588235294118,6.17794117647059,1,1.34411764705882,"March",2019,5
2019-03-10,"jlhaw",4.6125,4.6125,4.6125,1,0,"March",2019,10
2019-03-11,"jlhaw",6.0875,6.0875,6.0875,1,0,"March",2019,11
2019-03-18,"jlhaw",2.7875,2.7875,2.7875,2,0,"March",2019,18
2019-03-19,"jlhaw",5.60625,5.60625,5.60625,4,0,"March",2019,19
2019-03-22,"jlhaw",9.47368421052632,8.48666666666667,8.98017543859649,1,0.987017543859649,"March",2019,22
2019-03-23,"jlhaw",6.62941176470588,6.62941176470588,6.62941176470588,3,0,"March",2019,23
2019-03-28,"jlhaw",8.92352941176471,8.92352941176471,8.92352941176471,2,0,"March",2019,28
2019-03-29,"jlhaw",8.85,7.24375,8.01472363083164,1,1.60625,"March",2019,29
2019-03-31,"jlhaw",13.7,11.5952380952381,12.6398319327731,2,2.1047619047619,"March",2019,31
2019-04-01,"jlhaw",9.11578947368421,9.11578947368421,9.11578947368421,4,0,"April",2019,1
2019-04-03,"jlhaw",9.19375,6.44736842105263,7.91211773305814,2,2.74638157894737,"April",2019,3
2019-04-05,"jlhaw",17.4388888888889,13.8444444444444,15.775,1,3.59444444444444,"April",2019,5
2019-04-12,"jlhaw",9.83888888888889,9.83888888888889,9.83888888888889,7,0,"April",2019,12
2019-04-21,"jlhaw",8.32352941176471,8.32352941176471,8.32352941176471,1,0,"April",2019,21
2019-04-28,"jlhaw",13.5352941176471,13.5352941176471,13.5352941176471,9,0,"April",2019,28
2019-04-29,"jlhaw",11.0625,11.0625,11.0625,2,0,"April",2019,29
2019-04-30,"jlhaw",14.1222222222222,14.1222222222222,14.1222222222222,8,0,"April",2019,30
2019-05-08,"jlhaw",23.1,21.7411764705882,22.4205882352941,1,1.35882352941177,"May",2019,8
2019-05-16,"jlhaw",27.1,12.4611111111111,19.7805555555556,8,14.6388888888889,"May",2019,16
2019-05-19,"jlhaw",10.7764705882353,10.7764705882353,10.7764705882353,7,0,"May",2019,19
2019-05-21,"jlhaw",12.9,8.69411764705882,10.9718487394958,1,4.20588235294118,"May",2019,21
2019-05-23,"jlhaw",10.8,10.7764705882353,10.7882352941176,8,0.0235294117647058,"May",2019,23
2019-05-24,"jlhaw",9.79444444444444,9.79444444444444,9.79444444444444,3,0,"May",2019,24
2019-05-25,"jlhaw",11.6941176470588,4.85882352941176,9.41134803921569,1,6.83529411764706,"May",2019,25
2019-05-26,"jlhaw",10.3,6.58888888888889,8.44444444444444,12,3.71111111111111,"May",2019,26
2019-05-27,"jlhaw",12.6,10.7117647058824,11.6558823529412,4,1.88823529411765,"May",2019,27
2019-05-28,"jlhaw",10.7,8.93888888888889,9.81944444444444,1,1.76111111111111,"May",2019,28
2019-06-02,"jlhaw",12.4055555555556,11.3588235294118,11.8821895424837,1,1.04673202614379,"June",2019,2
2019-06-03,"jlhaw",10.9846153846154,10.9846153846154,10.9846153846154,3,0,"June",2019,3
2019-06-07,"jlhaw",24.6,16.5722222222222,20.5861111111111,2,8.02777777777778,"June",2019,7
2019-06-09,"jlhaw",19.3944444444444,19.3944444444444,19.3944444444444,1,0,"June",2019,9
2019-06-13,"jlhaw",11.9894736842105,11.9894736842105,11.9894736842105,1,0,"June",2019,13
2019-06-14,"jlhaw",14.5941176470588,11.45,13.0220588235294,5,3.14411764705882,"June",2019,14
2019-06-17,"jlhaw",15.625,15.625,15.625,1,0,"June",2019,17
2019-06-19,"jlhaw",18.4705882352941,14.53125,16.022181372549,11,3.93933823529412,"June",2019,19
2019-06-21,"jlhaw",10.9666666666667,10.9666666666667,10.9666666666667,2,0,"June",2019,21
2019-07-03,"jlhaw",8.8,8.8,8.8,5,0,"July",2019,3
2019-07-16,"jlhaw",7.92105263157895,7.91176470588235,7.91640866873065,1,0.00928792569659453,"July",2019,16
2019-07-17,"jlhaw",8.91764705882353,8.91764705882353,8.91764705882353,11,0,"July",2019,17
2019-07-18,"jlhaw",9.91666666666667,8.17222222222222,9.1240651874785,1,1.74444444444444,"July",2019,18
2019-07-19,"jlhaw",12.0611111111111,8.20625,10.2693116830065,6,3.85486111111111,"July",2019,19
2019-07-20,"jlhaw",10.6888888888889,8.1,9.42138740344623,5,2.58888888888889,"July",2019,20
2019-07-21,"jlhaw",9.13846153846154,6.43529411764706,8.04017373948005,10,2.70316742081448,"July",2019,21
2019-07-22,"jlhaw",14.0529411764706,10.0263157894737,11.2064748779629,1,4.0266253869969,"July",2019,22
2019-07-23,"jlhaw",15.7722222222222,10.02,12.8631708011487,2,5.75222222222222,"July",2019,23
2019-07-24,"jlhaw",17.075,8.53529411764706,11.324927822006,6,8.53970588235294,"July",2019,24
2019-07-25,"jlhaw",12,7.84117647058823,9.20174739852081,1,4.15882352941177,"July",2019,25
2019-07-26,"jlhaw",17.0117647058824,8.96470588235294,11.696616285403,1,8.04705882352941,"July",2019,26
2019-07-27,"jlhaw",11.775,6.71333333333333,9.60379912710698,7,5.06166666666667,"July",2019,27
2019-07-28,"jlhaw",19.6117647058824,8.11764705882353,10.5049085540649,7,11.4941176470588,"July",2019,28
2019-07-29,"jlhaw",9.38235294117647,5.06111111111111,6.7655787753698,13,4.32124183006536,"July",2019,29
2019-07-30,"jlhaw",10.0235294117647,5.44736842105263,7.29403057275542,8,4.57616099071207,"July",2019,30
2019-07-31,"jlhaw",7.48333333333333,5.36111111111111,6.52975701611054,1,2.12222222222222,"July",2019,31
2019-08-01,"jlhaw",8.47894736842105,5.33888888888889,6.56803591904598,4,3.14005847953216,"August",2019,1
2019-08-02,"jlhaw",8.68947368421053,6.51176470588235,7.68671453961702,2,2.17770897832817,"August",2019,2
2019-08-03,"jlhaw",13.1647058823529,8.91666666666667,10.0791032421741,2,4.24803921568627,"August",2019,3
2019-08-04,"jlhaw",13.3058823529412,7.20588235294118,9.67129853330221,1,6.1,"August",2019,4
2019-08-05,"jlhaw",14.2166666666667,9.59411764705882,11.6906533081069,2,4.62254901960784,"August",2019,5
2019-08-06,"jlhaw",17.1055555555556,11.8176470588235,14.2236560457516,2,5.28790849673202,"August",2019,6
2019-08-08,"jlhaw",25.9,24.9625,25.43125,12,0.9375,"August",2019,8
2019-08-11,"jlhaw",16.9,16.9,16.9,13,0,"August",2019,11
2019-08-13,"jlhaw",11.9823529411765,11.9823529411765,11.9823529411765,8,0,"August",2019,13
2019-08-20,"jlhaw",15.4058823529412,6.4,10.9029411764706,1,9.00588235294118,"August",2019,20
2019-08-26,"jlhaw",11.6888888888889,11.6888888888889,11.6888888888889,3,0,"August",2019,26
2019-08-28,"jlhaw",15.2354838709677,8.4,11.8177419354839,2,6.83548387096774,"August",2019,28
2019-08-29,"jlhaw",11.3777777777778,11.3777777777778,11.3777777777778,3,0,"August",2019,29
2019-08-30,"jlhaw",11.5333333333333,11.5333333333333,11.5333333333333,11,0,"August",2019,30
2019-09-02,"jlhaw",14.7294117647059,14.7294117647059,14.7294117647059,11,0,"September",2019,2
2019-09-03,"jlhaw",12.5151515151515,9.51052631578947,11.0128389154705,4,3.00462519936204,"September",2019,3
2019-09-05,"jlhaw",7,7,7,11,0,"September",2019,5
2019-09-08,"jlhaw",16.3,11.75,14.025,1,4.55,"September",2019,8
2019-09-10,"jlhaw",15.3,15.3,15.3,1,0,"September",2019,10
2019-09-11,"jlhaw",16.1722222222222,14.0764705882353,15.1243464052288,2,2.09575163398693,"September",2019,11
2019-09-12,"jlhaw",8.7,8.7,8.7,1,0,"September",2019,12
2019-09-17,"jlhaw",16.7,11.7888888888889,14.2444444444444,1,4.91111111111111,"September",2019,17
2019-09-20,"jlhaw",18.2823529411765,18.2823529411765,18.2823529411765,8,0,"September",2019,20
2019-09-22,"jlhaw",8.84705882352941,8.84705882352941,8.84705882352941,2,0,"September",2019,22
2019-09-25,"jlhaw",17.6333333333333,17.6333333333333,17.6333333333333,1,0,"September",2019,25
2019-09-28,"jlhaw",19.6625,13.2111111111111,16.4368055555556,1,6.45138888888889,"September",2019,28
2019-10-05,"jlhaw",18.5,18.5,18.5,2,0,"October",2019,5
2019-10-11,"jlhaw",19.9,10.3833333333333,14.1003267973856,3,9.51666666666667,"October",2019,11
2019-10-14,"jlhaw",24.7133333333333,24.7133333333333,24.7133333333333,1,0,"October",2019,14
2019-10-15,"jlhaw",19.0588235294118,19.0588235294118,19.0588235294118,1,0,"October",2019,15
2019-10-19,"jlhaw",25.2352941176471,25.2352941176471,25.2352941176471,2,0,"October",2019,19
2019-10-20,"jlhaw",15.2,13.9529411764706,14.5764705882353,1,1.24705882352941,"October",2019,20
2019-11-21,"jlhaw",13.7444444444444,12.1055555555556,12.925,8,1.63888888888889,"November",2019,21
2019-11-22,"jlhaw",23.4647058823529,23.4647058823529,23.4647058823529,3,0,"November",2019,22
2019-11-24,"jlhaw",19.4705882352941,19.4705882352941,19.4705882352941,1,0,"November",2019,24
2019-11-25,"jlhaw",33.5,13.9944444444444,23.7472222222222,2,19.5055555555556,"November",2019,25
2019-11-27,"jlhaw",25.3705882352941,25.3705882352941,25.3705882352941,1,0,"November",2019,27
2019-11-28,"jlhaw",20.3,20.3,20.3,1,0,"November",2019,28
2019-11-30,"jlhaw",22.8388888888889,22.8388888888889,22.8388888888889,1,0,"November",2019,30
2019-12-04,"jlhaw",6.1,6.1,6.1,1,0,"December",2019,4
2019-12-05,"jlhaw",5.93529411764706,5.93529411764706,5.93529411764706,2,0,"December",2019,5
2019-12-06,"jlhaw",5.1,5.1,5.1,1,0,"December",2019,6
2019-12-07,"jlhaw",11.8,11.8,11.8,2,0,"December",2019,7
2019-12-11,"jlhaw",8.04444444444444,8.04444444444444,8.04444444444444,1,0,"December",2019,11
2019-12-14,"jlhaw",5.36666666666667,5.36666666666667,5.36666666666667,2,0,"December",2019,14
2019-12-15,"jlhaw",7.85789473684211,6.53684210526316,7.03538011695906,1,1.32105263157895,"December",2019,15
2019-12-16,"jlhaw",5.6,5.6,5.6,1,0,"December",2019,16
2019-12-17,"jlhaw",6.78947368421053,6.78947368421053,6.78947368421053,1,0,"December",2019,17
2019-12-20,"jlhaw",5.05294117647059,4.8,4.92647058823529,2,0.252941176470588,"December",2019,20
2019-12-22,"jlhaw",9.16666666666667,9.01111111111111,9.08888888888889,1,0.155555555555555,"December",2019,22
2019-12-25,"jlhaw",3.81176470588235,3.48888888888889,3.65032679738562,1,0.322875816993464,"December",2019,25
2019-12-31,"jlhaw",10.95,7.80526315789474,9.48508771929825,2,3.14473684210526,"December",2019,31
2020-01-06,"jlhaw",9.3,9.3,9.3,1,0,"January",2020,6
2020-01-09,"jlhaw",7.28235294117647,7.28235294117647,7.28235294117647,1,0,"January",2020,9
2020-01-10,"jlhaw",13.3833333333333,13.3833333333333,13.3833333333333,1,0,"January",2020,10
2020-01-11,"jlhaw",9.42352941176471,9.42352941176471,9.42352941176471,7,0,"January",2020,11
2020-01-15,"jlhaw",7.25,7.25,7.25,1,0,"January",2020,15
2020-01-17,"jlhaw",7.60625,7.60625,7.60625,1,0,"January",2020,17
2020-01-20,"jlhaw",8.28235294117647,6.2,7.48360646714826,1,2.08235294117647,"January",2020,20
2020-01-21,"jlhaw",9.27142857142857,7.19473684210526,7.82912090274706,2,2.07669172932331,"January",2020,21
2020-01-22,"jlhaw",8.62777777777778,5.68333333333333,7.03810648455289,1,2.94444444444444,"January",2020,22
2020-01-23,"jlhaw",9.35625,7.68888888888889,8.64410220627326,1,1.66736111111111,"January",2020,23
2020-01-24,"jlhaw",9.23888888888889,9.23888888888889,9.23888888888889,4,0,"January",2020,24
2020-01-27,"jlhaw",10.2210526315789,10.2210526315789,10.2210526315789,2,0,"January",2020,27
2020-01-28,"jlhaw",8.70555555555556,8.70555555555556,8.70555555555556,1,0,"January",2020,28
2020-01-29,"jlhaw",8.67894736842105,8.67894736842105,8.67894736842105,1,0,"January",2020,29
2020-02-12,"jlhaw",9.22777777777778,7.55,8.78834422657952,2,1.67777777777778,"February",2020,12
2020-02-13,"jlhaw",9.91111111111111,7.25833333333333,8.91279654126403,1,2.65277777777778,"February",2020,13
2020-02-14,"jlhaw",9.49444444444444,7.37692307692308,8.21514844804318,1,2.11752136752137,"February",2020,14
2020-02-15,"jlhaw",9.67222222222222,7.1,8.73238959326421,1,2.57222222222222,"February",2020,15
2020-02-16,"jlhaw",11.2888888888889,7.13888888888889,9.33133528265107,1,4.15,"February",2020,16
2020-02-17,"jlhaw",11.3,8.80526315789474,10.1679970760234,1,2.49473684210526,"February",2020,17
2020-02-18,"jlhaw",16.8117647058824,9,13.9472406128443,1,7.81176470588235,"February",2020,18
2020-02-19,"jlhaw",14.335,10.3941176470588,11.5873041795666,1,3.94088235294118,"February",2020,19
2020-02-20,"jlhaw",11.9642857142857,8.85625,10.4123058258391,1,3.10803571428572,"February",2020,20
2020-02-21,"jlhaw",9.16315789473684,6.62222222222222,7.86750360934483,1,2.54093567251462,"February",2020,21
2020-02-22,"jlhaw",10.6764705882353,6.30555555555556,8.20916322669419,12,4.37091503267974,"February",2020,22
2020-02-23,"jlhaw",13.1833333333333,6.64705882352941,10.5588235294118,12,6.53627450980392,"February",2020,23
2020-02-24,"jlhaw",18.9684210526316,11.1888888888889,16.0777605779154,12,7.77953216374269,"February",2020,24
2020-02-25,"jlhaw",24.3277777777778,16.9764705882353,19.6438997821351,12,7.35130718954249,"February",2020,25
2020-02-28,"jlhaw",8.48947368421053,8.48947368421053,8.48947368421053,12,0,"February",2020,28
2020-03-09,"jlhaw",10.5,10.5,10.5,12,0,"March",2020,9
2020-03-17,"jlhaw",11.9625,7.85789473684211,9.89588124723574,12,4.10460526315789,"March",2020,17
2020-03-27,"jlhaw",10.4388888888889,10,10.2194444444444,12,0.438888888888888,"March",2020,27
2017-07-27,"jlnewhope",27.5117647058824,21.33125,24.0478822669419,12,6.18051470588235,"July",2017,27
2017-07-28,"jlnewhope",24.9529411764706,21.7111111111111,23.178756915778,12,3.24183006535948,"July",2017,28
2017-07-29,"jlnewhope",22,17.8470588235294,20.1108602424479,12,4.15294117647059,"July",2017,29
2017-07-30,"jlnewhope",25.5722222222222,21.1333333333333,23.2238229382333,12,4.43888888888889,"July",2017,30
2017-07-31,"jlnewhope",35.18125,27.7375,31.806054177519,12,7.44375,"July",2017,31
2017-08-01,"jlnewhope",35.0705882352941,23.36875,28.1067038255361,12,11.7018382352941,"August",2017,1
2017-08-02,"jlnewhope",31.6,21.1,26.7221457186676,12,10.5,"August",2017,2
2017-08-03,"jlnewhope",25.6823529411765,20.3,22.4417483660131,12,5.38235294117647,"August",2017,3
2017-08-04,"jlnewhope",27.6888888888889,17.1444444444444,23.3695703976035,12,10.5444444444444,"August",2017,4
2017-08-05,"jlnewhope",31.9529411764706,23.4588235294118,28.1899128540305,12,8.49411764705882,"August",2017,5
2017-08-06,"jlnewhope",28.0894736842105,19.7823529411765,24.1269953824985,12,8.30712074303406,"August",2017,6
2017-08-07,"jlnewhope",26.0625,21.9294117647059,24.2670863185018,12,4.13308823529412,"August",2017,7
2017-08-08,"jlnewhope",35.5058823529412,25.3941176470588,28.974825708061,13,10.1117647058824,"August",2017,8
2017-08-09,"jlnewhope",33.5526315789474,22.8684210526316,27.7721864779527,12,10.6842105263158,"August",2017,9
2017-08-10,"jlnewhope",38.3736842105263,26.3882352941176,31.7078492288728,12,11.9854489164087,"August",2017,10
2017-08-11,"jlnewhope",31.40625,21.5125,27.3880172858617,12,9.89375,"August",2017,11
2017-08-12,"jlnewhope",31.1888888888889,26.2058823529412,29.2941176470588,11,4.98300653594771,"August",2017,12
2017-08-13,"jlnewhope",31.5294117647059,26.4,28.4863441125438,5,5.12941176470589,"August",2017,13
2017-08-14,"jlnewhope",37.8444444444444,25.05625,29.5819512527233,2,12.7881944444444,"August",2017,14
2017-08-15,"jlnewhope",30.85,20.4294117647059,26.9928993234721,1,10.4205882352941,"August",2017,15
2017-08-16,"jlnewhope",28.11875,18.2888888888889,23.1268858932462,1,9.82986111111111,"August",2017,16
2017-08-17,"jlnewhope",28.7888888888889,14.0722222222222,20.1371654217242,1,14.7166666666667,"August",2017,17
2017-08-18,"jlnewhope",24.1,18.0315789473684,21.4603881793946,5,6.06842105263158,"August",2017,18
2017-08-19,"jlnewhope",27.2230769230769,22.28125,24.3522737032847,1,4.94182692307692,"August",2017,19
2017-08-20,"jlnewhope",23.7588235294118,14.3411764705882,19.5057802287582,3,9.41764705882353,"August",2017,20
2017-08-21,"jlnewhope",20.6647058823529,14.4352941176471,18.0530024509804,1,6.22941176470588,"August",2017,21
2017-08-22,"jlnewhope",21.675,16.4611111111111,19.4977217348928,1,5.21388888888889,"August",2017,22
2017-08-23,"jlnewhope",25.7941176470588,18.5666666666667,22.0170996113092,1,7.22745098039216,"August",2017,23
2017-08-24,"jlnewhope",25.1777777777778,20.5473684210526,23.0328763241689,2,4.63040935672515,"August",2017,24
2017-08-25,"jlnewhope",35.7055555555556,23.2058823529412,31.0611560457516,12,12.4996732026144,"August",2017,25
2017-08-26,"jlnewhope",29.6210526315789,24.6947368421053,26.9120720852648,12,4.92631578947368,"August",2017,26
2017-08-27,"jlnewhope",32.58,27.88,30.5162475675816,12,4.7,"August",2017,27
2017-08-28,"jlnewhope",34.6368421052632,28.9,31.5391229825783,13,5.73684210526316,"August",2017,28
2017-08-29,"jlnewhope",32.56,29.6388888888889,30.9340494819007,1,2.92111111111111,"August",2017,29
2017-08-30,"jlnewhope",33.2222222222222,27.2888888888889,30.2029698429079,1,5.93333333333333,"August",2017,30
2017-08-31,"jlnewhope",31.5947368421053,25.5666666666667,29.4082895197553,4,6.0280701754386,"August",2017,31
2017-09-01,"jlnewhope",34.0764705882353,26.2352941176471,28.9305031318083,1,7.84117647058824,"September",2017,1
2017-09-02,"jlnewhope",52.6842105263158,25.7894736842105,36.9619316878798,1,26.8947368421053,"September",2017,2
2017-09-03,"jlnewhope",30.4941176470588,23.98,27.2670969498911,7,6.51411764705882,"September",2017,3
2017-09-04,"jlnewhope",46.7058823529412,29.9058823529412,37.7689620664853,5,16.8,"September",2017,4
2017-09-05,"jlnewhope",33.7944444444444,27.4352941176471,30.0615941405802,1,6.35915032679739,"September",2017,5
2017-09-06,"jlnewhope",43.1411764705882,26.0055555555556,35.0682146542828,12,17.1356209150327,"September",2017,6
2017-09-07,"jlnewhope",30.525,22.8588235294118,26.5585146144228,1,7.66617647058823,"September",2017,7
2017-09-08,"jlnewhope",31.18125,20.0666666666667,24.4029143016856,2,11.1145833333333,"September",2017,8
2017-09-09,"jlnewhope",28.6583333333333,23.7588235294118,26.3920693265498,1,4.89950980392157,"September",2017,9
2017-09-10,"jlnewhope",30.8058823529412,25.0588235294118,27.536579782554,2,5.74705882352941,"September",2017,10
2017-09-11,"jlnewhope",30.0684210526316,26.5705882352941,28.157932664567,1,3.49783281733746,"September",2017,11
2017-09-12,"jlnewhope",33.2,22.7611111111111,26.262740848333,1,10.4388888888889,"September",2017,12
2017-09-13,"jlnewhope",35.0117647058823,21.9058823529412,29.8562759952466,12,13.1058823529412,"September",2017,13
2017-09-14,"jlnewhope",37.0882352941176,24.6235294117647,32.3622724927291,4,12.4647058823529,"September",2017,14
2017-09-15,"jlnewhope",28.2333333333333,16.5611111111111,21.402473913542,1,11.6722222222222,"September",2017,15
2017-09-16,"jlnewhope",63.4647058823529,12.4294117647059,30.6549619811375,1,51.0352941176471,"September",2017,16
2017-09-17,"jlnewhope",33.3166666666667,25.6333333333333,28.757687754139,1,7.68333333333333,"September",2017,17
2017-09-18,"jlnewhope",29.6333333333333,26.6333333333333,28.2232964654598,3,3,"September",2017,18
2017-09-19,"jlnewhope",25.8888888888889,18.6473684210526,23.7777866220252,9,7.24152046783626,"September",2017,19
2017-09-20,"jlnewhope",25.9823529411765,16.9666666666667,22.8891176470588,11,9.01568627450981,"September",2017,20
2017-09-21,"jlnewhope",21.4352941176471,14.0125,16.8950733144135,12,7.42279411764706,"September",2017,21
2017-09-22,"jlnewhope",19.4411764705882,13.55625,16.9583242556282,3,5.88492647058824,"September",2017,22
2017-09-23,"jlnewhope",21.1941176470588,18.6473684210526,20.0853865669075,1,2.54674922600619,"September",2017,23
2017-09-24,"jlnewhope",26.3,19.7111111111111,21.4606897144823,1,6.58888888888889,"September",2017,24
2017-09-25,"jlnewhope",21,18.8058823529412,20.0248737909762,12,2.19411764705882,"September",2017,25
2017-09-26,"jlnewhope",22.8739130434783,20.0294117647059,21.2238916237738,12,2.84450127877238,"September",2017,26
2017-09-27,"jlnewhope",24.5,20.6875,22.194200976612,13,3.8125,"September",2017,27
2017-09-28,"jlnewhope",21.6055555555556,16.1222222222222,19.61,12,5.48333333333333,"September",2017,28
2017-09-29,"jlnewhope",25.6388888888889,20.74,23.9984623192711,12,4.89888888888889,"September",2017,29
2017-09-30,"jlnewhope",24.72,22.3611111111111,23.3191866904942,12,2.35888888888889,"September",2017,30
2017-10-01,"jlnewhope",25.2555555555556,21.9857142857143,23.4303791904189,12,3.26984126984127,"October",2017,1
2017-10-02,"jlnewhope",25.0555555555556,20.6166666666667,23.1087561059512,12,4.43888888888889,"October",2017,2
2017-10-03,"jlnewhope",27.35,22.3,24.6933314700149,12,5.05,"October",2017,3
2017-10-04,"jlnewhope",31.1722222222222,21.0333333333333,23.5179364106754,12,10.1388888888889,"October",2017,4
2017-10-05,"jlnewhope",26.8,16.49375,21.9954096213384,12,10.30625,"October",2017,5
2017-10-06,"jlnewhope",31.9555555555556,19.5764705882353,24.6518416394336,12,12.3790849673203,"October",2017,6
2017-10-07,"jlnewhope",32.9705882352941,26.0277777777778,28.6399509803922,12,6.94281045751634,"October",2017,7
2017-10-08,"jlnewhope",31.4,23.1944444444444,26.9774838680411,12,8.20555555555555,"October",2017,8
2017-10-09,"jlnewhope",28.665,21.45,25.0561985187305,12,7.215,"October",2017,9
2017-10-10,"jlnewhope",31.5111111111111,20.4444444444444,25.7858283883729,3,11.0666666666667,"October",2017,10
2017-10-11,"jlnewhope",25.8611111111111,21.75,24.0214046195964,4,4.11111111111111,"October",2017,11
2017-10-12,"jlnewhope",25.156,21.4210526315789,23.3752770570216,10,3.73494736842105,"October",2017,12
2017-10-13,"jlnewhope",26.0631578947368,21.5125,23.8578127149983,1,4.55065789473684,"October",2017,13
2017-10-14,"jlnewhope",33.0105263157895,19.2842105263158,25.0999113132095,1,13.7263157894737,"October",2017,14
2017-10-15,"jlnewhope",27.58125,23.1235294117647,25.6115893031189,2,4.45772058823529,"October",2017,15
2017-10-16,"jlnewhope",26.7272727272727,23.3333333333333,25.1642125850872,1,3.39393939393939,"October",2017,16
2017-10-17,"jlnewhope",29.2,22.81875,26.0294836099645,1,6.38125,"October",2017,17
2017-10-18,"jlnewhope",35.8,30.7444444444444,33.0442027863777,2,5.05555555555555,"October",2017,18
2017-10-19,"jlnewhope",38.9833333333333,16.1588235294118,28.7305876261323,2,22.8245098039216,"October",2017,19
2017-10-20,"jlnewhope",31.25,20.8823529411765,24.4270143384307,1,10.3676470588235,"October",2017,20
2017-10-21,"jlnewhope",32.0375,16.3222222222222,26.4746051198257,4,15.7152777777778,"October",2017,21
2017-10-22,"jlnewhope",28.45625,16.0117647058824,22.3977457788671,3,12.4444852941176,"October",2017,22
2017-10-23,"jlnewhope",28.3294117647059,24.7,26.4166288497722,3,3.62941176470588,"October",2017,23
2017-10-24,"jlnewhope",28.3823529411765,22.6166666666667,24.8344886982571,1,5.7656862745098,"October",2017,24
2017-10-25,"jlnewhope",31.2117647058824,21.7055555555556,24.9069308278867,1,9.5062091503268,"October",2017,25
2017-10-26,"jlnewhope",24.3117647058824,19.4,21.6160606581814,12,4.91176470588236,"October",2017,26
2017-10-27,"jlnewhope",23.5333333333333,22.0222222222222,22.8702014338431,12,1.51111111111111,"October",2017,27
2017-10-28,"jlnewhope",26.5526315789474,21.0705882352941,24.3604487372434,13,5.48204334365325,"October",2017,28
2017-10-29,"jlnewhope",27.2388888888889,22.2,24.6413481108818,12,5.03888888888889,"October",2017,29
2017-10-30,"jlnewhope",26.6882352941176,22.6055555555556,24.9281896786492,12,4.08267973856209,"October",2017,30
2017-10-31,"jlnewhope",28.5555555555556,18.5444444444444,23.6950046941291,6,10.0111111111111,"October",2017,31
2017-11-01,"jlnewhope",28.2882352941176,14.6705882352941,21.8403867102397,8,13.6176470588235,"November",2017,1
2017-11-02,"jlnewhope",23.4764705882353,12.1277777777778,16.9352124183007,12,11.3486928104575,"November",2017,2
2017-11-03,"jlnewhope",24.53125,9.63529411764706,15.3621595860566,2,14.8959558823529,"November",2017,3
2017-11-04,"jlnewhope",21.9705882352941,18.56,20.4589898443633,6,3.41058823529412,"November",2017,4
2017-11-05,"jlnewhope",29.7777777777778,17.5,20.6602950493063,12,12.2777777777778,"November",2017,5
2017-11-06,"jlnewhope",21.6764705882353,16.0941176470588,18.9247494911707,6,5.58235294117647,"November",2017,6
2017-11-07,"jlnewhope",27.9388888888889,18.85,21.9309027777778,3,9.08888888888889,"November",2017,7
2017-11-08,"jlnewhope",21.0210526315789,17.9058823529412,19.3494285275913,1,3.11517027863777,"November",2017,8
2017-11-09,"jlnewhope",19.63125,17.6,18.595942849362,1,2.03125,"November",2017,9
2017-11-10,"jlnewhope",20.5538461538462,16.9764705882353,19.2892665912519,1,3.57737556561086,"November",2017,10
2017-11-11,"jlnewhope",23.8941176470588,16.4882352941176,20.535490103292,1,7.40588235294118,"November",2017,11
2017-11-12,"jlnewhope",28.18125,20.0294117647059,23.2289498491704,1,8.15183823529411,"November",2017,12
2017-11-13,"jlnewhope",25.1666666666667,12.4833333333333,20.5512414717349,1,12.6833333333333,"November",2017,13
2017-11-14,"jlnewhope",22.19375,19.2888888888889,20.8130919550221,8,2.90486111111111,"November",2017,14
2017-11-15,"jlnewhope",23.0421052631579,18.2411764705882,20.24930125559,11,4.80092879256966,"November",2017,15
2017-11-16,"jlnewhope",25.5176470588235,17.2277777777778,21.1714854426619,5,8.28986928104575,"November",2017,16
2017-11-17,"jlnewhope",31.2611111111111,14.5888888888889,21.1985525240798,3,16.6722222222222,"November",2017,17
2017-11-18,"jlnewhope",22.5470588235294,20.3222222222222,21.8803044836356,11,2.22483660130719,"November",2017,18
2017-11-19,"jlnewhope",29.0105263157895,24.09375,26.1259893504185,13,4.91677631578947,"November",2017,19
2017-11-20,"jlnewhope",27.0411764705882,22.2611111111111,23.6818332316978,12,4.78006535947713,"November",2017,20
2017-11-21,"jlnewhope",28.6111111111111,19.9555555555556,25.7677144249513,12,8.65555555555556,"November",2017,21
2017-11-22,"jlnewhope",26.8125,24.4388888888889,26.1389526205219,9,2.37361111111111,"November",2017,22
2017-11-23,"jlnewhope",28.3470588235294,24.6111111111111,27.5169153480105,3,3.7359477124183,"November",2017,23
2017-11-24,"jlnewhope",31.1277777777778,22.6277777777778,27.5698529411765,10,8.5,"November",2017,24
2017-11-25,"jlnewhope",35.7944444444444,31.4333333333333,34.4005561288843,11,4.36111111111111,"November",2017,25
2017-11-26,"jlnewhope",40.0666666666667,27.6944444444444,35.496220043573,12,12.3722222222222,"November",2017,26
2017-11-27,"jlnewhope",50.8722222222222,28.3176470588235,36.6994636770179,12,22.5545751633987,"November",2017,27
2017-11-28,"jlnewhope",46.4888888888889,33.5578947368421,40.5815158812063,11,12.9309941520468,"November",2017,28
2017-11-29,"jlnewhope",51.1411764705882,37.2666666666667,45.3094978421991,6,13.8745098039216,"November",2017,29
2017-11-30,"jlnewhope",46.7666666666667,32.3529411764706,40.2133340141612,11,14.4137254901961,"November",2017,30
2017-12-01,"jlnewhope",50.9105263157895,39.3,46.1462536908038,13,11.6105263157895,"December",2017,1
2017-12-02,"jlnewhope",55.1105263157895,49.3352941176471,51.4872061690173,11,5.77523219814241,"December",2017,2
2017-12-03,"jlnewhope",90.4,39.0111111111111,53.7532937736498,13,51.3888888888889,"December",2017,3
2017-12-04,"jlnewhope",69.1705882352941,49.9263157894737,56.526511796239,12,19.2442724458204,"December",2017,4
2017-12-05,"jlnewhope",72.4058823529412,64.7388888888889,69.3281297134238,5,7.66699346405228,"December",2017,5
2017-12-06,"jlnewhope",64.1894736842105,62.1176470588235,63.1947550534027,10,2.071826625387,"December",2017,6
2017-12-07,"jlnewhope",60.2055555555556,49.3263157894737,53.9850463321293,12,10.8792397660819,"December",2017,7
2017-12-08,"jlnewhope",76.4235294117647,64.5705882352941,69.573517371861,13,11.8529411764706,"December",2017,8
2017-12-09,"jlnewhope",70.095,65.7,68.3560032894737,12,4.395,"December",2017,9
2017-12-10,"jlnewhope",81.5,58.5555555555556,74.4443831699346,9,22.9444444444444,"December",2017,10
2017-12-11,"jlnewhope",109.75,56.0882352941176,80.2624363963422,12,53.6617647058824,"December",2017,11
2017-12-12,"jlnewhope",106.676470588235,87.6705882352941,101.539537852928,12,19.0058823529412,"December",2017,12
2017-12-13,"jlnewhope",99.28,79.2444444444444,94.2797747782761,12,20.0355555555556,"December",2017,13
2017-12-14,"jlnewhope",132.294444444444,86.2888888888889,116.645798319328,12,46.0055555555556,"December",2017,14
2017-12-28,"jlnewhope",61.9333333333333,47.5785714285714,56.6290178571429,12,14.3547619047619,"December",2017,28
2017-12-29,"jlnewhope",46.1,46.1,46.1,13,0,"December",2017,29
2017-12-31,"jlnewhope",62.4,62.4,62.4,12,0,"December",2017,31
2018-01-09,"jlnewhope",54.6294117647059,24.0722222222222,42.5073120915033,12,30.5571895424837,"January",2018,9
2018-01-10,"jlnewhope",51.0611111111111,15.9777777777778,41.6587068160598,11,35.0833333333333,"January",2018,10
2018-01-12,"jlnewhope",44.1941176470588,27.3944444444444,36.1204718495585,12,16.7996732026144,"January",2018,12
2018-01-24,"jlnewhope",21.8777777777778,14.8777777777778,17.7871624527004,4,7,"January",2018,24
2018-01-25,"jlnewhope",24.35,24.35,24.35,8,0,"January",2018,25
2018-01-26,"jlnewhope",15.3157894736842,15.3157894736842,15.3157894736842,11,0,"January",2018,26
2018-01-28,"jlnewhope",23.6368421052632,9.91176470588235,16.6897871039254,4,13.7250773993808,"January",2018,28
2018-02-06,"jlnewhope",15.1055555555556,14.2,14.6527777777778,13,0.905555555555557,"February",2018,6
2018-02-07,"jlnewhope",16.4882352941176,16.4882352941176,16.4882352941176,13,0,"February",2018,7
2018-02-10,"jlnewhope",17.7529411764706,17.7529411764706,17.7529411764706,10,0,"February",2018,10
2018-02-15,"jlnewhope",13.5647058823529,12.1375,13.078329248366,12,1.42720588235294,"February",2018,15
2018-02-17,"jlnewhope",16.3,16.3,16.3,2,0,"February",2018,17
2018-02-26,"jlnewhope",21.8888888888889,18.1647058823529,20.0267973856209,4,3.72418300653595,"February",2018,26
2018-02-27,"jlnewhope",17.9666666666667,17.9666666666667,17.9666666666667,6,0,"February",2018,27
2018-03-11,"jlnewhope",26.99,26.1,26.545,7,0.890000000000001,"March",2018,11
2018-03-19,"jlnewhope",39.0684210526316,18.3,26.9818347953216,7,20.7684210526316,"March",2018,19
2018-03-23,"jlnewhope",25.1578947368421,22.4421052631579,24.1462962962963,7,2.71578947368421,"March",2018,23
2018-03-27,"jlnewhope",27.4058823529412,27.4058823529412,27.4058823529412,7,0,"March",2018,27
2018-03-28,"jlnewhope",36.7315789473684,36.7315789473684,36.7315789473684,6,0,"March",2018,28
2018-03-31,"jlnewhope",22.7315789473684,22.7315789473684,22.7315789473684,7,0,"March",2018,31
2018-04-02,"jlnewhope",18.0166666666667,18.0166666666667,18.0166666666667,7,0,"April",2018,2
2018-04-04,"jlnewhope",31.7538461538462,31.7538461538462,31.7538461538462,7,0,"April",2018,4
2018-04-08,"jlnewhope",18.59375,18.59375,18.59375,1,0,"April",2018,8
2018-04-09,"jlnewhope",25.8,25.8,25.8,5,0,"April",2018,9
2018-04-10,"jlnewhope",17.2941176470588,17.2941176470588,17.2941176470588,6,0,"April",2018,10
2017-12-15,"jlwhiteoak",13.9,13.9,13.9,7,0,"December",2017,15
2017-12-16,"jlwhiteoak",12.2,12.2,12.2,6,0,"December",2017,16
2017-12-17,"jlwhiteoak",13.8,13.8,13.8,6,0,"December",2017,17
2017-12-18,"jlwhiteoak",8.1,8.1,8.1,6,0,"December",2017,18
2017-12-19,"jlwhiteoak",8.7,8.7,8.7,8,0,"December",2017,19
2017-12-20,"jlwhiteoak",17.4,17.4,17.4,8,0,"December",2017,20
2017-12-21,"jlwhiteoak",10.9,10.9,10.9,7,0,"December",2017,21
2017-12-22,"jlwhiteoak",12,12,12,1,0,"December",2017,22
2017-12-24,"jlwhiteoak",14.4,14.4,14.4,7,0,"December",2017,24
2017-12-25,"jlwhiteoak",13.5,13.5,13.5,7,0,"December",2017,25
2017-12-26,"jlwhiteoak",12.4,12.4,12.4,6,0,"December",2017,26
2017-12-28,"jlwhiteoak",13.0705882352941,11.36,12.2152941176471,8,1.71058823529412,"December",2017,28
2017-12-29,"jlwhiteoak",15.80625,9.96,12.8207291666667,7,5.84625,"December",2017,29
2017-12-30,"jlwhiteoak",10.5,10.5,10.5,7,0,"December",2017,30
2017-12-31,"jlwhiteoak",13.7,12.8823529411765,13.2911764705882,2,0.817647058823528,"December",2017,31
2018-01-01,"jlwhiteoak",15.3941176470588,11.7444444444444,13.3400871459695,6,3.64967320261438,"January",2018,1
2018-01-02,"jlwhiteoak",14.803264604811,14.5570850202429,14.680174812527,2,0.246179584568081,"January",2018,2
2018-01-23,"jlwhiteoak",20.7631578947368,19.23125,19.8981359649123,5,1.53190789473684,"January",2018,23
2018-01-24,"jlwhiteoak",35.3882352941176,23.9866666666667,29.6874509803922,7,11.401568627451,"January",2018,24
2018-01-26,"jlwhiteoak",22.1,22.1,22.1,7,0,"January",2018,26
2018-01-27,"jlwhiteoak",27.6,27.6,27.6,7,0,"January",2018,27
2018-01-30,"jlwhiteoak",24.1777777777778,22.7,23.4388888888889,7,1.47777777777778,"January",2018,30
2018-01-31,"jlwhiteoak",23.6,23.6,23.6,1,0,"January",2018,31
2018-02-01,"jlwhiteoak",23.63125,23.63125,23.63125,7,0,"February",2018,1
2018-02-02,"jlwhiteoak",21.1,21.1,21.1,1,0,"February",2018,2
2018-02-03,"jlwhiteoak",21.7,19.8,20.75,7,1.9,"February",2018,3
2018-02-04,"jlwhiteoak",28.3882352941176,28.3882352941176,28.3882352941176,6,0,"February",2018,4
2018-02-05,"jlwhiteoak",22.54375,22.5,22.521875,7,0.0437499999999993,"February",2018,5
2018-02-06,"jlwhiteoak",20.2,13.9176470588235,16.9439338235294,7,6.28235294117647,"February",2018,6
2018-02-07,"jlwhiteoak",24.8333333333333,20.03125,22.1085224089636,7,4.80208333333333,"February",2018,7
2018-02-08,"jlwhiteoak",18.5235294117647,9.6,13.8907316630356,6,8.92352941176471,"February",2018,8
2018-02-09,"jlwhiteoak",14.2866666666667,6.08666666666667,10.1812254901961,6,8.2,"February",2018,9
2018-02-10,"jlwhiteoak",20.4466666666667,15.1,17.2659926470588,1,5.34666666666667,"February",2018,10
2018-02-11,"jlwhiteoak",19.3,16.7777777777778,18.1273010958769,7,2.52222222222222,"February",2018,11
2018-02-12,"jlwhiteoak",19.3529411764706,13.41875,16.9513721113445,1,5.93419117647059,"February",2018,12
2018-02-13,"jlwhiteoak",19,19,19,7,0,"February",2018,13
2018-02-14,"jlwhiteoak",20.4066666666667,13.4,17.7607883986928,7,7.00666666666667,"February",2018,14
2018-02-15,"jlwhiteoak",18.86,18.86,18.86,5,0,"February",2018,15
2018-02-16,"jlwhiteoak",15.59375,9.925,13.0905637254902,2,5.66875,"February",2018,16
2018-02-18,"jlwhiteoak",15.2133333333333,11.3466666666667,13.0822205882353,6,3.86666666666667,"February",2018,18
2018-02-20,"jlwhiteoak",43.55,11.2875,19.3777762923351,1,32.2625,"February",2018,20
2018-02-21,"jlwhiteoak",20.3666666666667,16.31875,18.0342156862745,6,4.04791666666667,"February",2018,21
2018-02-22,"jlwhiteoak",22.7666666666667,12.3,18.037192513369,3,10.4666666666667,"February",2018,22
2018-02-23,"jlwhiteoak",21.3941176470588,12.8125,17.9517156862745,3,8.58161764705882,"February",2018,23
2018-02-24,"jlwhiteoak",23.55625,15.04375,18.7870588235294,12,8.5125,"February",2018,24
2018-02-25,"jlwhiteoak",20.8352941176471,12.4625,16.6797344771242,9,8.37279411764706,"February",2018,25
2018-02-26,"jlwhiteoak",20.4,13.51875,16.7020833333333,1,6.88125,"February",2018,26
2018-02-27,"jlwhiteoak",13.55,8.05,10.4901785714286,2,5.5,"February",2018,27
2018-02-28,"jlwhiteoak",24.1529411764706,15.1533333333333,18.7179096638655,5,8.99960784313726,"February",2018,28
2018-03-01,"jlwhiteoak",21.16,16.2733333333333,18.7173114630468,5,4.88666666666667,"March",2018,1
2018-03-02,"jlwhiteoak",13.74375,11.3166666666667,12.3786573464912,5,2.42708333333333,"March",2018,2
2018-03-03,"jlwhiteoak",14.7,13.3277777777778,13.9760620915033,1,1.37222222222222,"March",2018,3
2018-03-04,"jlwhiteoak",12.0526315789474,11.9388888888889,11.9957602339181,8,0.11374269005848,"March",2018,4
2018-03-05,"jlwhiteoak",9.10588235294118,9.10588235294118,9.10588235294118,9,0,"March",2018,5
2018-03-06,"jlwhiteoak",21.9588235294118,20.9,21.4294117647059,4,1.05882352941176,"March",2018,6
2018-03-07,"jlwhiteoak",17.7733333333333,12.1875,15.1166319444444,1,5.58583333333333,"March",2018,7
2018-03-08,"jlwhiteoak",18.45,14.2466666666667,16.5559282302665,4,4.20333333333333,"March",2018,8
2018-03-09,"jlwhiteoak",14.40625,10.31875,12.3915900735294,7,4.0875,"March",2018,9
2018-03-10,"jlwhiteoak",18.6625,17.9,18.3986111111111,1,0.762500000000003,"March",2018,10
2018-03-11,"jlwhiteoak",18.5647058823529,18.1166666666667,18.3937908496732,4,0.448039215686276,"March",2018,11
2018-03-12,"jlwhiteoak",17.2,16.175,16.737495543672,1,1.025,"March",2018,12
2018-03-13,"jlwhiteoak",15.0705882352941,9.6,11.8497660427807,1,5.47058823529412,"March",2018,13
2018-03-14,"jlwhiteoak",16.9315789473684,12.4611111111111,15.2643489852081,1,4.47046783625731,"March",2018,14
2018-03-15,"jlwhiteoak",18.3714285714286,12.2941176470588,14.1329904808813,2,6.07731092436975,"March",2018,15
2018-03-16,"jlwhiteoak",15.5,15.5,15.5,1,0,"March",2018,16
2018-03-17,"jlwhiteoak",10.1,10.1,10.1,2,0,"March",2018,17
2018-03-22,"jlwhiteoak",18.8,18.8,18.8,1,0,"March",2018,22
2018-03-23,"jlwhiteoak",19.7,19.7,19.7,1,0,"March",2018,23
2018-03-24,"jlwhiteoak",33.1,33.1,33.1,3,0,"March",2018,24
2018-03-25,"jlwhiteoak",27.7,27.7,27.7,2,0,"March",2018,25
2018-03-26,"jlwhiteoak",26,14.3785714285714,18.7351391960293,1,11.6214285714286,"March",2018,26
2018-03-28,"jlwhiteoak",20,20,20,5,0,"March",2018,28
2018-03-29,"jlwhiteoak",26.2,26.2,26.2,2,0,"March",2018,29
2018-03-30,"jlwhiteoak",39.2,39.2,39.2,2,0,"March",2018,30
2018-04-11,"jlwhiteoak",14.98,5.82,9.12599889955982,2,9.16,"April",2018,11
2018-04-18,"jlwhiteoak",6.2,6.2,6.2,2,0,"April",2018,18
2018-05-20,"jlwhiteoak",9.9,9.9,9.9,1,0,"May",2018,20
2018-05-25,"jlwhiteoak",13.2,13.2,13.2,2,0,"May",2018,25
2018-07-10,"jlwhiteoak",9.8,9.8,9.8,1,0,"July",2018,10
2018-07-11,"jlwhiteoak",7.56470588235294,7.49375,7.52922794117647,1,0.0709558823529406,"July",2018,11
2018-07-31,"jlwhiteoak",23.6,13.78,17.79875,1,9.82,"July",2018,31
2018-08-01,"jlwhiteoak",13.63125,13.63125,13.63125,1,0,"August",2018,1
2018-08-03,"jlwhiteoak",8.68,7.24666666666667,7.83816624895572,2,1.43333333333333,"August",2018,3
2018-08-04,"jlwhiteoak",10.85,7.69333333333333,9.17491666666667,2,3.15666666666667,"August",2018,4
2018-08-05,"jlwhiteoak",7.9875,7.9875,7.9875,1,0,"August",2018,5
2018-08-15,"jlwhiteoak",7,7,7,4,0,"August",2018,15
2018-08-20,"jlwhiteoak",7.15,6.86666666666667,7.00833333333333,1,0.283333333333333,"August",2018,20
2018-08-24,"jlwhiteoak",8.22941176470588,8.22941176470588,8.22941176470588,2,0,"August",2018,24
2018-08-26,"jlwhiteoak",16.88125,7.125,12.1535539215686,3,9.75625,"August",2018,26
2018-09-05,"jlwhiteoak",5.7,5.7,5.7,1,0,"September",2018,5
2018-09-17,"jlwhiteoak",4.76666666666667,4.02941176470588,4.40717864923747,1,0.737254901960784,"September",2018,17
2018-09-18,"jlwhiteoak",7.54666666666667,5.63125,6.16436942959002,4,1.91541666666667,"September",2018,18
2018-09-19,"jlwhiteoak",12.5125,7.21875,9.99124183006536,2,5.29375,"September",2018,19
2018-09-20,"jlwhiteoak",21.61875,18.6125,19.7526388888889,2,3.00625,"September",2018,20
2018-10-09,"jlwhiteoak",17.8176470588235,15.9,17.0121323529412,6,1.91764705882353,"October",2018,9
2018-10-10,"jlwhiteoak",22.79375,14.7117647058824,18.6793431372549,2,8.08198529411765,"October",2018,10
2018-10-12,"jlwhiteoak",8.35714285714286,8.09411764705882,8.22563025210084,4,0.263025210084034,"October",2018,12
2018-10-14,"jlwhiteoak",8.90666666666667,8.90666666666667,8.90666666666667,9,0,"October",2018,14
2018-10-15,"jlwhiteoak",11.6625,11.6625,11.6625,5,0,"October",2018,15
2018-10-16,"jlwhiteoak",8.81875,7.96875,8.39375,1,0.850000000000001,"October",2018,16
2018-10-17,"jlwhiteoak",16.8470588235294,14.8666666666667,15.856862745098,2,1.98039215686275,"October",2018,17
2018-10-19,"jlwhiteoak",33.8352941176471,18.9416666666667,23.9629901960784,3,14.8936274509804,"October",2018,19
2018-10-20,"jlwhiteoak",12.85625,11.19375,11.9722222222222,3,1.6625,"October",2018,20
2018-10-27,"jlwhiteoak",16.84375,15.8,16.2087009803922,1,1.04375,"October",2018,27
2018-10-31,"jlwhiteoak",16.9,16.9,16.9,13,0,"October",2018,31
2018-11-06,"jlwhiteoak",22.1055555555556,18.9882352941176,20.8834897804151,12,3.11732026143791,"November",2018,6
2018-11-07,"jlwhiteoak",19.2352941176471,10.7866666666667,15.4910185185185,11,8.44862745098039,"November",2018,7
2018-11-08,"jlwhiteoak",20.4,17.8588235294118,19.3508300437093,9,2.54117647058823,"November",2018,8
2018-11-09,"jlwhiteoak",24.10625,20.4941176470588,21.9389671840959,12,3.61213235294118,"November",2018,9
2018-11-10,"jlwhiteoak",22.2875,20.03125,21.2483910615528,12,2.25625,"November",2018,10
2018-11-12,"jlwhiteoak",20.84,18.6611111111111,19.809056372549,12,2.17888888888889,"November",2018,12
2018-11-13,"jlwhiteoak",20.0125,18.4833333333333,19.2982138480392,12,1.52916666666667,"November",2018,13
2018-11-14,"jlwhiteoak",13.2705882352941,12.31875,12.7941993464052,12,0.951838235294119,"November",2018,14
2018-11-15,"jlwhiteoak",12.9722222222222,10.75,11.9419405689626,2,2.22222222222222,"November",2018,15
2018-11-16,"jlwhiteoak",11.1533333333333,8.82352941176471,9.88440767973856,1,2.32980392156863,"November",2018,16
2018-11-17,"jlwhiteoak",10.5,9.20625,9.609375,12,1.29375,"November",2018,17
2018-11-18,"jlwhiteoak",10.23125,10.23125,10.23125,12,0,"November",2018,18
2018-11-19,"jlwhiteoak",10.7,10.7,10.7,11,0,"November",2018,19
2018-11-20,"jlwhiteoak",8.2,8.2,8.2,12,0,"November",2018,20
2018-11-21,"jlwhiteoak",9.5,9.5,9.5,12,0,"November",2018,21
2018-11-22,"jlwhiteoak",9.1,9.1,9.1,12,0,"November",2018,22
2018-11-23,"jlwhiteoak",8.6,8.6,8.6,12,0,"November",2018,23
2018-11-26,"jlwhiteoak",8.95294117647059,8.38125,8.74028594771242,12,0.571691176470589,"November",2018,26
2019-01-29,"jlwhiteoak",39.2125,35.1333333333333,36.6969878079437,12,4.07916666666667,"January",2019,29
2019-01-30,"jlwhiteoak",38.7470588235294,29.8857142857143,34.2131620340444,12,8.86134453781513,"January",2019,30
2019-01-31,"jlwhiteoak",40.84,19.1625,31.6108011204482,12,21.6775,"January",2019,31
2019-02-01,"jlwhiteoak",41.34,29.8,36.8913071895425,12,11.54,"February",2019,1
2019-02-02,"jlwhiteoak",41.78,41.69375,41.736875,12,0.0862499999999997,"February",2019,2
2019-02-07,"jlwhiteoak",36.3117647058824,31.4,33.8220588235294,12,4.91176470588236,"February",2019,7
2019-02-08,"jlwhiteoak",40.6235294117647,21.0625,32.0392075163399,12,19.5610294117647,"February",2019,8
2019-02-09,"jlwhiteoak",43.6875,30.725,36.7087943510738,12,12.9625,"February",2019,9
2019-02-10,"jlwhiteoak",44.375,33.6,40.8539285714286,12,10.775,"February",2019,10
2019-02-11,"jlwhiteoak",43.5,29.7625,38.4256462585034,12,13.7375,"February",2019,11
2019-02-12,"jlwhiteoak",43.9357142857143,40.5,41.8653401360544,12,3.43571428571428,"February",2019,12
2019-02-13,"jlwhiteoak",40.0529411764706,26.42,35.1934869909502,5,13.6329411764706,"February",2019,13
2019-02-14,"jlwhiteoak",40.2733333333333,17.76875,25.2461904761905,2,22.5045833333333,"February",2019,14
2019-02-15,"jlwhiteoak",46.1,34.96875,41.9754796918767,1,11.13125,"February",2019,15
2019-02-16,"jlwhiteoak",50.1,40.55,45.6021661998133,1,9.55,"February",2019,16
2019-02-17,"jlwhiteoak",47.3235294117647,41.9875,44.3859558823529,2,5.33602941176471,"February",2019,17
2019-02-18,"jlwhiteoak",41.4444444444444,21.8882352941176,30.7335716230937,1,19.5562091503268,"February",2019,18
2019-02-19,"jlwhiteoak",49.0941176470588,38.9,43.8719712885154,2,10.1941176470588,"February",2019,19
2019-02-20,"jlwhiteoak",42.4529411764706,40,41.1282738095238,1,2.45294117647059,"February",2019,20
2019-02-21,"jlwhiteoak",46.9533333333333,31.06875,39.4081944444444,1,15.8845833333333,"February",2019,21
2019-02-22,"jlwhiteoak",40.6294117647059,37.3411764705882,39.0977328431373,1,3.28823529411765,"February",2019,22
2019-02-23,"jlwhiteoak",42.5866666666667,38.1,40.1707230392157,2,4.48666666666666,"February",2019,23
2019-02-24,"jlwhiteoak",41.2125,23.1,33.8590318627451,1,18.1125,"February",2019,24
2019-02-25,"jlwhiteoak",30.5529411764706,24.71875,28.5304796918767,2,5.83419117647059,"February",2019,25
2019-02-26,"jlwhiteoak",27.6,15.7533333333333,22.0679761904762,1,11.8466666666667,"February",2019,26
2019-02-27,"jlwhiteoak",33.325,28.0529411764706,30.4760644257703,2,5.27205882352941,"February",2019,27
2019-02-28,"jlwhiteoak",26.6294117647059,14.8066666666667,19.0296650326797,1,11.8227450980392,"February",2019,28
2019-03-01,"jlwhiteoak",29.4875,28.4,29.1007944475867,2,1.0875,"March",2019,1
2019-03-02,"jlwhiteoak",37.3333333333333,14.2,22.085824829932,1,23.1333333333333,"March",2019,2
2019-03-03,"jlwhiteoak",38.06875,29.95,33.0043382352941,1,8.11875,"March",2019,3
2019-03-04,"jlwhiteoak",39.8923076923077,28.93125,33.9703252262443,2,10.9610576923077,"March",2019,4
2019-03-05,"jlwhiteoak",30.7611111111111,18.2,26.8948888888889,1,12.5611111111111,"March",2019,5
2019-03-06,"jlwhiteoak",27.5933333333333,16.16875,21.8192261904762,1,11.4245833333333,"March",2019,6
2019-03-07,"jlwhiteoak",24.45625,13.2933333333333,19.6862885154062,1,11.1629166666667,"March",2019,7
2019-03-08,"jlwhiteoak",32.775,27.02,30.5753571428571,2,5.755,"March",2019,8
2019-03-09,"jlwhiteoak",30.9823529411765,28.4,29.7402836134454,1,2.58235294117647,"March",2019,9
2019-03-10,"jlwhiteoak",25.4941176470588,22.4470588235294,24.2061799719888,1,3.04705882352941,"March",2019,10
2019-03-11,"jlwhiteoak",19.7,8.25,14.8299824929972,8,11.45,"March",2019,11
2019-03-12,"jlwhiteoak",18.14375,10.8294117647059,13.7529827688651,1,7.31433823529412,"March",2019,12
2019-03-13,"jlwhiteoak",10.8333333333333,6,8.43287815126051,10,4.83333333333333,"March",2019,13
2019-03-14,"jlwhiteoak",9.80588235294118,7.31333333333333,8.86687324929972,5,2.49254901960784,"March",2019,14
2019-03-15,"jlwhiteoak",16.2,12.7,14.5400417710944,4,3.5,"March",2019,15
2019-03-16,"jlwhiteoak",14.39375,8.4375,11.1179166666667,3,5.95625,"March",2019,16
2019-03-17,"jlwhiteoak",14.7352941176471,7.90588235294118,11.2728349673203,2,6.82941176470588,"March",2019,17
2019-03-18,"jlwhiteoak",13.74,7.49411764705882,9.88447478991597,1,6.24588235294118,"March",2019,18
2019-03-19,"jlwhiteoak",19.6266666666667,9.46,15.2417401960784,1,10.1666666666667,"March",2019,19
2019-03-20,"jlwhiteoak",24.6,20.5888888888889,22.5426003734827,1,4.01111111111111,"March",2019,20
2019-03-21,"jlwhiteoak",18.90625,13.1823529411765,16.8771715686274,8,5.72389705882353,"March",2019,21
2019-03-22,"jlwhiteoak",21.9666666666667,11.54,16.0875163398693,5,10.4266666666667,"March",2019,22
2019-03-23,"jlwhiteoak",20.6,14.1529411764706,16.5715277777778,2,6.44705882352941,"March",2019,23
2019-03-24,"jlwhiteoak",21.7133333333333,13.4,16.5139682539683,1,8.31333333333333,"March",2019,24
2019-03-25,"jlwhiteoak",15.9,12.12,13.57125,2,3.78,"March",2019,25
2019-03-26,"jlwhiteoak",18.2611111111111,11.1529411764706,14.2335945424616,2,7.10816993464053,"March",2019,26
2019-03-27,"jlwhiteoak",15.0777777777778,8.92352941176471,11.3533560275962,3,6.15424836601307,"March",2019,27
2019-03-28,"jlwhiteoak",10.2,10.0642857142857,10.1321428571429,12,0.135714285714284,"March",2019,28
2019-03-29,"jlwhiteoak",14.79375,11,12.6889343971631,12,3.79375,"March",2019,29
2019-04-02,"jlwhiteoak",17.63,15.5684210526316,16.7984847654173,11,2.06157894736842,"April",2019,2
2019-04-13,"jlwhiteoak",13.45,10.0928571428571,11.8081101190476,12,3.35714285714286,"April",2019,13
2019-04-14,"jlwhiteoak",12.7125,6.9,9.0969537815126,11,5.8125,"April",2019,14
2019-04-24,"jlwhiteoak",6.90625,5.30625,5.86229166666667,11,1.6,"April",2019,24
2019-05-15,"jlwhiteoak",12.9,12.9,12.9,11,0,"May",2019,15
2019-05-19,"jlwhiteoak",14.3,14.3,14.3,11,0,"May",2019,19
2019-06-07,"jlwhiteoak",9.60625,9.60625,9.60625,12,0,"June",2019,7
2019-06-13,"jlwhiteoak",11.9,11.9,11.9,11,0,"June",2019,13
2019-06-14,"jlwhiteoak",9.47647058823529,8.4375,8.95698529411765,12,1.03897058823529,"June",2019,14
2019-06-15,"jlwhiteoak",12.8555555555556,12.8555555555556,12.8555555555556,12,0,"June",2019,15
2019-06-16,"jlwhiteoak",10.8466666666667,9.33125,10.2351041666667,12,1.51541666666667,"June",2019,16
2019-06-17,"jlwhiteoak",8.94375,8.65333333333333,8.79854166666667,12,0.290416666666667,"June",2019,17
2019-06-24,"jlwhiteoak",8.66875,8.66875,8.66875,12,0,"June",2019,24
2019-06-25,"jlwhiteoak",12.2705882352941,10.76875,11.5270220588235,12,1.50183823529412,"June",2019,25
2019-06-26,"jlwhiteoak",11.5875,8.80625,10.196875,12,2.78125,"June",2019,26
2019-06-27,"jlwhiteoak",8.5,7.075,7.7875,11,1.425,"June",2019,27
2019-06-28,"jlwhiteoak",12.3266666666667,6.96666666666667,8.20758169934641,10,5.36,"June",2019,28
2019-06-29,"jlwhiteoak",7.70666666666667,7.48666666666667,7.59666666666667,12,0.220000000000001,"June",2019,29
2019-06-30,"jlwhiteoak",8.2,7.48,7.89205882352941,12,0.719999999999999,"June",2019,30
2019-07-01,"jlwhiteoak",10.3428571428571,6.8875,8.42718474426808,12,3.45535714285714,"July",2019,1
2019-07-02,"jlwhiteoak",9.62,6.63125,8.30925,11,2.98875,"July",2019,2
2019-07-03,"jlwhiteoak",5.34375,4.95294117647059,5.14834558823529,11,0.390808823529412,"July",2019,3
2019-07-04,"jlwhiteoak",6.47857142857143,3.85333333333333,4.83730158730159,12,2.6252380952381,"July",2019,4
2019-07-05,"jlwhiteoak",10.01875,7.53333333333333,8.80847222222222,2,2.48541666666667,"July",2019,5
2019-07-06,"jlwhiteoak",9.60666666666667,9.60666666666667,9.60666666666667,1,0,"July",2019,6
2019-07-07,"jlwhiteoak",9.16666666666667,7.4,8.31905758457229,6,1.76666666666667,"July",2019,7
2019-07-08,"jlwhiteoak",11.9875,5.86875,7.13013888888889,1,6.11875,"July",2019,8
2019-07-09,"jlwhiteoak",12.3823529411765,9.8375,10.9352473262032,2,2.54485294117647,"July",2019,9
2019-07-10,"jlwhiteoak",18.94,8.29375,15.2336192810458,1,10.64625,"July",2019,10
2019-07-11,"jlwhiteoak",7.57647058823529,4.57272727272727,6.00649931005097,1,3.00374331550802,"July",2019,11
2019-07-12,"jlwhiteoak",6.15333333333333,2.51764705882353,4.15105187908497,1,3.6356862745098,"July",2019,12
2019-07-13,"jlwhiteoak",4.56923076923077,1.01428571428571,2.68438350660777,1,3.55494505494505,"July",2019,13
2019-07-14,"jlwhiteoak",7.8125,2.02941176470588,4.25453337104072,1,5.78308823529412,"July",2019,14
2019-07-15,"jlwhiteoak",6.4,1.6,4.0297546101774,1,4.8,"July",2019,15
2019-09-19,"jlwhiteoak",12.475,12.475,12.475,4,0,"September",2019,19
2019-09-21,"jlwhiteoak",9.7,9.5125,9.60625,1,0.1875,"September",2019,21
2019-09-22,"jlwhiteoak",10.88125,10.88125,10.88125,1,0,"September",2019,22
2019-09-30,"jlwhiteoak",11.53125,11.53125,11.53125,1,0,"September",2019,30
2019-10-05,"jlwhiteoak",12.16875,11.5,11.7478370098039,1,0.668749999999999,"October",2019,5
2019-10-07,"jlwhiteoak",14.7,14.7,14.7,1,0,"October",2019,7
2019-10-08,"jlwhiteoak",9.54117647058824,8.4625,8.94996732026144,1,1.07867647058823,"October",2019,8
2019-10-09,"jlwhiteoak",8.47222222222222,7.825,8.20294444444444,1,0.647222222222223,"October",2019,9
2019-10-10,"jlwhiteoak",10.2631578947368,8.34666666666667,8.98692305211558,1,1.91649122807017,"October",2019,10
2019-10-12,"jlwhiteoak",16.36,15.7533333333333,16.0566666666667,1,0.606666666666666,"October",2019,12
2019-10-14,"jlwhiteoak",9.2375,9.2375,9.2375,1,0,"October",2019,14
2019-10-16,"jlwhiteoak",12.725,10.6,11.0935355392157,1,2.125,"October",2019,16
2019-10-17,"jlwhiteoak",10.99375,9.65625,10.2275,2,1.3375,"October",2019,17
2019-10-18,"jlwhiteoak",11.1235294117647,10.9333333333333,11.028431372549,6,0.190196078431372,"October",2019,18
2019-10-19,"jlwhiteoak",15.7411764705882,14.1466666666667,14.9439215686275,1,1.59450980392157,"October",2019,19
2019-10-24,"jlwhiteoak",22.8764705882353,11.2666666666667,16.1555555555556,1,11.6098039215686,"October",2019,24
2019-10-25,"jlwhiteoak",16.2,8.39375,13.2629166666667,1,7.80625,"October",2019,25
2019-10-26,"jlwhiteoak",16.7733333333333,8.595,13.2435984848485,1,8.17833333333333,"October",2019,26
2019-10-27,"jlwhiteoak",12.80625,9.64375,11.5024621212121,2,3.1625,"October",2019,27
2019-10-28,"jlwhiteoak",12.64375,9.68666666666667,11.6688537366701,1,2.95708333333333,"October",2019,28
2019-10-29,"jlwhiteoak",15.6,14.4875,15.016243315508,2,1.1125,"October",2019,29
2019-10-30,"jlwhiteoak",18.0125,14.3882352941176,16.065635026738,1,3.62426470588235,"October",2019,30
2019-10-31,"jlwhiteoak",12.2944444444444,11.0733333333333,11.6680320170026,8,1.22111111111111,"October",2019,31
2019-11-01,"jlwhiteoak",10.96,9.62941176470588,10.313267895675,2,1.33058823529412,"November",2019,1
2019-11-02,"jlwhiteoak",11.7666666666667,8.12941176470588,10.2282761437908,1,3.63725490196079,"November",2019,2
2019-11-03,"jlwhiteoak",11.55625,7.96470588235294,9.71244355317885,1,3.59154411764706,"November",2019,3
2019-11-04,"jlwhiteoak",12.7625,9.36875,10.8531209150327,2,3.39375,"November",2019,4
2019-11-05,"jlwhiteoak",10.45625,6.30666666666667,8.71305759803922,3,4.14958333333333,"November",2019,5
2019-11-06,"jlwhiteoak",10.0882352941176,8.57222222222222,9.43766680283224,1,1.51601307189542,"November",2019,6
2019-11-07,"jlwhiteoak",12.9882352941176,10.3857142857143,11.3404332983193,6,2.60252100840336,"November",2019,7
2019-11-08,"jlwhiteoak",10.2235294117647,8.93333333333333,9.30425857843137,5,1.29019607843137,"November",2019,8
2019-11-09,"jlwhiteoak",10.8888888888889,7.61764705882353,9.26249931917211,1,3.27124183006536,"November",2019,9
2019-11-10,"jlwhiteoak",10.66,9.51176470588235,9.94072303921569,1,1.14823529411765,"November",2019,10
2019-11-11,"jlwhiteoak",10.4533333333333,8.55833333333333,9.71592165187753,1,1.895,"November",2019,11
2019-11-12,"jlwhiteoak",14.64375,10.96,11.743131021756,1,3.68375,"November",2019,12
2019-11-13,"jlwhiteoak",9.52,8.1875,8.7863774386017,1,1.3325,"November",2019,13
2019-11-14,"jlwhiteoak",10.3823529411765,8.74,9.77823801742919,1,1.64235294117647,"November",2019,14
2019-11-15,"jlwhiteoak",9.55,8.88,9.33644812091503,1,0.67,"November",2019,15
2019-11-16,"jlwhiteoak",9.88823529411765,8.01111111111111,8.93189037727803,2,1.87712418300654,"November",2019,16
2019-11-17,"jlwhiteoak",8.27222222222222,7.24444444444444,7.84743018419489,3,1.02777777777778,"November",2019,17
2019-11-18,"jlwhiteoak",10.90625,7.875,9.24288602941176,8,3.03125,"November",2019,18
2019-11-23,"jlwhiteoak",10.2375,7.85,8.85772058823529,5,2.3875,"November",2019,23
2019-11-28,"jlwhiteoak",6.9,6.9,6.9,1,0,"November",2019,28
2019-11-29,"jlwhiteoak",21,21,21,1,0,"November",2019,29
2019-11-30,"jlwhiteoak",16.6,16.6,16.6,1,0,"November",2019,30
2019-12-01,"jlwhiteoak",14.8,11.0176470588235,12.3903361344538,1,3.78235294117647,"December",2019,1
2019-12-03,"jlwhiteoak",10.7,10.7,10.7,1,0,"December",2019,3
2019-12-05,"jlwhiteoak",11.8,11.8,11.8,2,0,"December",2019,5
2019-12-08,"jlwhiteoak",15.3,15.3,15.3,2,0,"December",2019,8
2019-12-10,"jlwhiteoak",7.6,7.6,7.6,10,0,"December",2019,10
2019-12-13,"jlwhiteoak",12.2,12.2,12.2,13,0,"December",2019,13
2019-12-14,"jlwhiteoak",13.1733333333333,10.8,11.9866666666667,12,2.37333333333333,"December",2019,14
2019-12-17,"jlwhiteoak",8.5,8.5,8.5,11,0,"December",2019,17
2019-12-19,"jlwhiteoak",16.9,16.9,16.9,1,0,"December",2019,19
2019-12-21,"jlwhiteoak",13.5,13.5,13.5,1,0,"December",2019,21
2019-12-22,"jlwhiteoak",8.75,8.75,8.75,1,0,"December",2019,22
2019-12-23,"jlwhiteoak",11.4058823529412,10.7,11.0435477941176,1,0.705882352941178,"December",2019,23
2019-12-25,"jlwhiteoak",4.8,4.8,4.8,1,0,"December",2019,25
2019-12-26,"jlwhiteoak",6.4,6.4,6.4,1,0,"December",2019,26
2019-12-28,"jlwhiteoak",8.9,5.2,7.05,1,3.7,"December",2019,28
2020-01-02,"jlwhiteoak",11.2,11.2,11.2,1,0,"January",2020,2
2020-01-03,"jlwhiteoak",18.98,10.13125,13.503329248366,1,8.84875,"January",2020,3
2020-01-04,"jlwhiteoak",14.025,11.8733333333333,12.8511212121212,1,2.15166666666667,"January",2020,4
2020-01-05,"jlwhiteoak",12.6176470588235,12.6176470588235,12.6176470588235,4,0,"January",2020,5
2020-01-08,"jlwhiteoak",12.4,12.4,12.4,1,0,"January",2020,8
2020-01-10,"jlwhiteoak",14.3,14.3,14.3,1,0,"January",2020,10
2020-01-11,"jlwhiteoak",16.0625,15.0933333333333,15.5779166666667,1,0.969166666666666,"January",2020,11
2020-01-12,"jlwhiteoak",10.7466666666667,9.60625,10.3043055555556,1,1.14041666666667,"January",2020,12
2020-01-13,"jlwhiteoak",17.35625,12.025,14.7801041666667,5,5.33125,"January",2020,13
2020-01-14,"jlwhiteoak",10.3,6.48666666666667,9.29304761904762,13,3.81333333333333,"January",2020,14
2020-01-15,"jlwhiteoak",17.7235294117647,17.7235294117647,17.7235294117647,13,0,"January",2020,15
2020-01-16,"jlwhiteoak",13.9,13.9,13.9,9,0,"January",2020,16
2020-01-17,"jlwhiteoak",13.5,13.5,13.5,11,0,"January",2020,17
2020-01-18,"jlwhiteoak",15.94375,15.6,15.771875,10,0.34375,"January",2020,18
2020-01-19,"jlwhiteoak",16.6375,16.4,16.51875,12,0.237500000000001,"January",2020,19
2020-01-24,"jlwhiteoak",15.9,15.9,15.9,12,0,"January",2020,24
2020-01-26,"jlwhiteoak",12.1,12.1,12.1,12,0,"January",2020,26
2020-01-27,"jlwhiteoak",11.7,11.7,11.7,13,0,"January",2020,27
2020-01-28,"jlwhiteoak",13.6,13.6,13.6,10,0,"January",2020,28
2020-01-30,"jlwhiteoak",12.7,12.7,12.7,9,0,"January",2020,30
2020-01-31,"jlwhiteoak",17.8,17.8,17.8,12,0,"January",2020,31
2020-02-01,"jlwhiteoak",20.2,18.71875,19.4335416666667,12,1.48125,"February",2020,1
2020-02-02,"jlwhiteoak",16,16,16,11,0,"February",2020,2
2020-02-03,"jlwhiteoak",5.5,5.5,5.5,12,0,"February",2020,3
2020-02-04,"jlwhiteoak",16.5,16.5,16.5,6,0,"February",2020,4
2020-02-05,"jlwhiteoak",19.3,19.3,19.3,2,0,"February",2020,5
2020-02-06,"jlwhiteoak",21.4176470588235,19.9,20.7360294117647,1,1.51764705882353,"February",2020,6
2020-02-07,"jlwhiteoak",18.28125,13.8,16.2567619825708,1,4.48125,"February",2020,7
2020-02-08,"jlwhiteoak",15.1,11.4944444444444,13.5811717015355,1,3.60555555555556,"February",2020,8
2020-02-26,"jlwhiteoak",32,20.88125,26.440625,2,11.11875,"February",2020,26
2020-02-27,"jlwhiteoak",19.58,19.58,19.58,2,0,"February",2020,27
2020-03-01,"jlwhiteoak",22.9,22.9,22.9,1,0,"March",2020,1
2020-03-04,"jlwhiteoak",28.8823529411765,26.2,27.5411764705882,1,2.68235294117647,"March",2020,4
2020-03-05,"jlwhiteoak",29.06,28.71875,28.889375,1,0.341250000000002,"March",2020,5
2020-03-06,"jlwhiteoak",29.2,29.2,29.2,1,0,"March",2020,6
2020-03-07,"jlwhiteoak",26.8,26.8,26.8,1,0,"March",2020,7
2020-03-08,"jlwhiteoak",29.1,29.1,29.1,13,0,"March",2020,8
2020-03-09,"jlwhiteoak",28,28,28,6,0,"March",2020,9
2020-03-11,"jlwhiteoak",34.55,10.925,21.4315705128205,9,23.625,"March",2020,11
2020-03-12,"jlwhiteoak",35.12,15.19375,27.3104166666667,8,19.92625,"March",2020,12
2020-03-13,"jlwhiteoak",35.7,26.82,29.8744444444444,12,8.88,"March",2020,13
2020-03-14,"jlwhiteoak",36.2727272727273,18.1176470588235,25.6159842914439,8,18.1550802139037,"March",2020,14
2020-03-15,"jlwhiteoak",34.1533333333333,23.0444444444444,30.1333016569201,7,11.1088888888889,"March",2020,15
2020-03-16,"jlwhiteoak",37.4647058823529,27.73125,33.0662653186275,2,9.73345588235294,"March",2020,16
2020-03-19,"jlwhiteoak",24.5529411764706,24.0875,24.3202205882353,1,0.465441176470591,"March",2020,19
2020-03-22,"jlwhiteoak",31,31,31,2,0,"March",2020,22
2020-03-24,"jlwhiteoak",25.86875,24.91875,25.39375,1,0.949999999999999,"March",2020,24
2020-03-25,"jlwhiteoak",23.74,23.74,23.74,2,0,"March",2020,25
2020-03-26,"jlwhiteoak",25.075,23.7058823529412,24.3904411764706,2,1.36911764705882,"March",2020,26
2020-03-27,"jlwhiteoak",21.7266666666667,21.7266666666667,21.7266666666667,1,0,"March",2020,27
NA,NA,NA,NA,NA,NA,NA,"June",2017,NA
NA,NA,NA,NA,NA,NA,NA,"July",2017,NA
NA,NA,NA,NA,NA,NA,NA,"August",2017,NA
NA,NA,NA,NA,NA,NA,NA,"September",2017,NA
NA,NA,NA,NA,NA,NA,NA,"October",2017,NA
NA,NA,NA,NA,NA,NA,NA,"November",2017,NA
NA,NA,NA,NA,NA,NA,NA,"December",2017,NA
NA,NA,NA,NA,NA,NA,NA,"January",2017,NA
NA,NA,NA,NA,NA,NA,NA,"February",2017,NA
NA,NA,NA,NA,NA,NA,NA,"March",2017,NA
NA,NA,NA,NA,NA,NA,NA,"April",2017,NA
NA,NA,NA,NA,NA,NA,NA,"May",2017,NA
NA,NA,NA,NA,NA,NA,NA,"June",2018,NA
NA,NA,NA,NA,NA,NA,NA,"July",2018,NA
NA,NA,NA,NA,NA,NA,NA,"August",2018,NA
NA,NA,NA,NA,NA,NA,NA,"September",2018,NA
NA,NA,NA,NA,NA,NA,NA,"October",2018,NA
NA,NA,NA,NA,NA,NA,NA,"November",2018,NA
NA,NA,NA,NA,NA,NA,NA,"December",2018,NA
NA,NA,NA,NA,NA,NA,NA,"January",2018,NA
NA,NA,NA,NA,NA,NA,NA,"February",2018,NA
NA,NA,NA,NA,NA,NA,NA,"March",2018,NA
NA,NA,NA,NA,NA,NA,NA,"April",2018,NA
NA,NA,NA,NA,NA,NA,NA,"May",2018,NA
NA,NA,NA,NA,NA,NA,NA,"June",2019,NA
NA,NA,NA,NA,NA,NA,NA,"July",2019,NA
NA,NA,NA,NA,NA,NA,NA,"August",2019,NA
NA,NA,NA,NA,NA,NA,NA,"September",2019,NA
NA,NA,NA,NA,NA,NA,NA,"October",2019,NA
NA,NA,NA,NA,NA,NA,NA,"November",2019,NA
NA,NA,NA,NA,NA,NA,NA,"December",2019,NA
NA,NA,NA,NA,NA,NA,NA,"January",2019,NA
NA,NA,NA,NA,NA,NA,NA,"February",2019,NA
NA,NA,NA,NA,NA,NA,NA,"March",2019,NA
NA,NA,NA,NA,NA,NA,NA,"April",2019,NA
NA,NA,NA,NA,NA,NA,NA,"May",2019,NA
NA,NA,NA,NA,NA,NA,NA,"June",2020,NA
NA,NA,NA,NA,NA,NA,NA,"July",2020,NA
NA,NA,NA,NA,NA,NA,NA,"August",2020,NA
NA,NA,NA,NA,NA,NA,NA,"September",2020,NA
NA,NA,NA,NA,NA,NA,NA,"October",2020,NA
NA,NA,NA,NA,NA,NA,NA,"November",2020,NA
NA,NA,NA,NA,NA,NA,NA,"December",2020,NA
NA,NA,NA,NA,NA,NA,NA,"January",2020,NA
NA,NA,NA,NA,NA,NA,NA,"February",2020,NA
NA,NA,NA,NA,NA,NA,NA,"March",2020,NA
NA,NA,NA,NA,NA,NA,NA,"April",2020,NA
NA,NA,NA,NA,NA,NA,NA,"May",2020,NA
NA,NA,NA,NA,NA,NA,NA,"June",2017,NA
NA,NA,NA,NA,NA,NA,NA,"July",2017,NA
NA,NA,NA,NA,NA,NA,NA,"August",2017,NA
NA,NA,NA,NA,NA,NA,NA,"September",2017,NA
NA,NA,NA,NA,NA,NA,NA,"October",2017,NA
NA,NA,NA,NA,NA,NA,NA,"November",2017,NA
NA,NA,NA,NA,NA,NA,NA,"December",2017,NA
NA,NA,NA,NA,NA,NA,NA,"January",2017,NA
NA,NA,NA,NA,NA,NA,NA,"February",2017,NA
NA,NA,NA,NA,NA,NA,NA,"March",2017,NA
NA,NA,NA,NA,NA,NA,NA,"April",2017,NA
NA,NA,NA,NA,NA,NA,NA,"May",2017,NA
NA,NA,NA,NA,NA,NA,NA,"June",2018,NA
NA,NA,NA,NA,NA,NA,NA,"July",2018,NA
NA,NA,NA,NA,NA,NA,NA,"August",2018,NA
NA,NA,NA,NA,NA,NA,NA,"September",2018,NA
NA,NA,NA,NA,NA,NA,NA,"October",2018,NA
NA,NA,NA,NA,NA,NA,NA,"November",2018,NA
NA,NA,NA,NA,NA,NA,NA,"December",2018,NA
NA,NA,NA,NA,NA,NA,NA,"January",2018,NA
NA,NA,NA,NA,NA,NA,NA,"February",2018,NA
NA,NA,NA,NA,NA,NA,NA,"March",2018,NA
NA,NA,NA,NA,NA,NA,NA,"April",2018,NA
NA,NA,NA,NA,NA,NA,NA,"May",2018,NA
NA,NA,NA,NA,NA,NA,NA,"June",2019,NA
NA,NA,NA,NA,NA,NA,NA,"July",2019,NA
NA,NA,NA,NA,NA,NA,NA,"August",2019,NA
NA,NA,NA,NA,NA,NA,NA,"September",2019,NA
NA,NA,NA,NA,NA,NA,NA,"October",2019,NA
NA,NA,NA,NA,NA,NA,NA,"November",2019,NA
NA,NA,NA,NA,NA,NA,NA,"December",2019,NA
NA,NA,NA,NA,NA,NA,NA,"January",2019,NA
NA,NA,NA,NA,NA,NA,NA,"February",2019,NA
NA,NA,NA,NA,NA,NA,NA,"March",2019,NA
NA,NA,NA,NA,NA,NA,NA,"April",2019,NA
NA,NA,NA,NA,NA,NA,NA,"May",2019,NA
NA,NA,NA,NA,NA,NA,NA,"June",2020,NA
NA,NA,NA,NA,NA,NA,NA,"July",2020,NA
NA,NA,NA,NA,NA,NA,NA,"August",2020,NA
NA,NA,NA,NA,NA,NA,NA,"September",2020,NA
NA,NA,NA,NA,NA,NA,NA,"October",2020,NA
NA,NA,NA,NA,NA,NA,NA,"November",2020,NA
NA,NA,NA,NA,NA,NA,NA,"December",2020,NA
NA,NA,NA,NA,NA,NA,NA,"January",2020,NA
NA,NA,NA,NA,NA,NA,NA,"February",2020,NA
NA,NA,NA,NA,NA,NA,NA,"March",2020,NA
NA,NA,NA,NA,NA,NA,NA,"April",2020,NA
NA,NA,NA,NA,NA,NA,NA,"May",2020,NA
