"site_no","Date","Flow_Max","Flow_Min","Flow","year","month","day"
"02096960",2019-01-01,3900,3080,3540,"2019","01","01"
"02096960",2019-01-02,3080,2350,2650,"2019","01","02"
"02096960",2019-01-03,4150,2070,2680,"2019","01","03"
"02096960",2019-01-04,5120,3950,4310,"2019","01","04"
"02096960",2019-01-05,7380,5120,6410,"2019","01","05"
"02096960",2019-01-06,5380,3210,4020,"2019","01","06"
"02096960",2019-01-07,3210,2290,2720,"2019","01","07"
"02096960",2019-01-08,2290,1820,2010,"2019","01","08"
"02096960",2019-01-09,1820,1540,1670,"2019","01","09"
"02096960",2019-01-10,1540,1430,1480,"2019","01","10"
"02096960",2019-01-11,1430,1270,1330,"2019","01","11"
"02096960",2019-01-12,1270,1100,1170,"2019","01","12"
"02096960",2019-01-13,11300,1100,5250,"2019","01","13"
"02096960",2019-01-14,10800,4480,7360,"2019","01","14"
"02096960",2019-01-15,4480,2750,3430,"2019","01","15"
"02096960",2019-01-16,2750,2090,2380,"2019","01","16"
"02096960",2019-01-17,2090,1750,1920,"2019","01","17"
"02096960",2019-01-18,1750,1480,1600,"2019","01","18"
"02096960",2019-01-19,1480,1350,1400,"2019","01","19"
"02096960",2019-01-20,7270,1380,4320,"2019","01","20"
"02096960",2019-01-21,6980,2780,4340,"2019","01","21"
"02096960",2019-01-22,2780,2230,2510,"2019","01","22"
"02096960",2019-01-23,2230,1730,1930,"2019","01","23"
"02096960",2019-01-24,15300,1700,6240,"2019","01","24"
"02096960",2019-01-25,15300,5210,10500,"2019","01","25"
"02096960",2019-01-26,5210,3180,3970,"2019","01","26"
"02096960",2019-01-27,3180,2290,2670,"2019","01","27"
"02096960",2019-01-28,2290,1920,2160,"2019","01","28"
"02096960",2019-01-29,1920,1600,1700,"2019","01","29"
"02096960",2019-01-30,1730,1600,1630,"2019","01","30"
"02096960",2019-01-31,1730,1430,1580,"2019","01","31"
"02096960",2019-02-01,1430,1210,1300,"2019","02","01"
"02096960",2019-02-02,1210,1090,1150,"2019","02","02"
"02096960",2019-02-03,1130,1050,1070,"2019","02","03"
"02096960",2019-02-04,1050,996,1030,"2019","02","04"
"02096960",2019-02-05,1290,696,1010,"2019","02","05"
"02096960",2019-02-06,1100,952,1000,"2019","02","06"
"02096960",2019-02-07,960,900,931,"2019","02","07"
"02096960",2019-02-08,1030,875,950,"2019","02","08"
"02096960",2019-02-09,1040,858,944,"2019","02","09"
"02096960",2019-02-10,858,747,796,"2019","02","10"
"02096960",2019-02-11,778,739,758,"2019","02","11"
"02096960",2019-02-12,1080,778,886,"2019","02","12"
"02096960",2019-02-13,3380,1080,2420,"2019","02","13"
"02096960",2019-02-14,2990,1620,2120,"2019","02","14"
"02096960",2019-02-15,1620,1270,1410,"2019","02","15"
"02096960",2019-02-16,2080,1230,1400,"2019","02","16"
"02096960",2019-02-17,2400,2080,2240,"2019","02","17"
"02096960",2019-02-18,15700,2060,10500,"2019","02","18"
"02096960",2019-02-19,12700,4760,7550,"2019","02","19"
"02096960",2019-02-20,5900,4470,4810,"2019","02","20"
"02096960",2019-02-21,11200,5900,8230,"2019","02","21"
"02096960",2019-02-22,15700,9520,11700,"2019","02","22"
"02096960",2019-02-23,31300,14100,19100,"2019","02","23"
"02096960",2019-02-24,35000,21200,30200,"2019","02","24"
"02096960",2019-02-25,21200,7550,12600,"2019","02","25"
"02096960",2019-02-26,7550,4170,5710,"2019","02","26"
"02096960",2019-02-27,4170,3020,3470,"2019","02","27"
"02096960",2019-02-28,3020,2310,2630,"2019","02","28"
"02096960",2019-03-01,4450,2020,2300,"2019","03","01"
"02096960",2019-03-02,10000,4450,8420,"2019","03","02"
"02096960",2019-03-03,6470,3750,4700,"2019","03","03"
"02096960",2019-03-04,11200,6150,9800,"2019","03","04"
"02096960",2019-03-05,7730,3580,4960,"2019","03","05"
"02096960",2019-03-06,3580,2510,3000,"2019","03","06"
"02096960",2019-03-07,2510,1920,2180,"2019","03","07"
"02096960",2019-03-08,1920,1660,1760,"2019","03","08"
"02096960",2019-03-09,1710,1640,1650,"2019","03","09"
"02096960",2019-03-10,1940,1640,1810,"2019","03","10"
"02096960",2019-03-11,1880,1670,1820,"2019","03","11"
"02096960",2019-03-12,1670,1430,1540,"2019","03","12"
"02096960",2019-03-13,1430,1280,1330,"2019","03","13"
"02096960",2019-03-14,1280,1240,1260,"2019","03","14"
"02096960",2019-03-15,1520,1200,1260,"2019","03","15"
"02096960",2019-03-16,1790,1520,1650,"2019","03","16"
"02096960",2019-03-17,1760,1110,1460,"2019","03","17"
"02096960",2019-03-18,1380,1230,1300,"2019","03","18"
"02096960",2019-03-19,1260,1100,1170,"2019","03","19"
"02096960",2019-03-20,1100,922,992,"2019","03","20"
"02096960",2019-03-21,15500,914,8660,"2019","03","21"
"02096960",2019-03-22,14100,4410,7910,"2019","03","22"
"02096960",2019-03-23,4410,2620,3360,"2019","03","23"
"02096960",2019-03-24,2620,1900,2220,"2019","03","24"
"02096960",2019-03-25,1930,1580,1680,"2019","03","25"
"02096960",2019-03-26,1780,1510,1680,"2019","03","26"
"02096960",2019-03-27,1680,1310,1500,"2019","03","27"
"02096960",2019-03-28,1310,1160,1230,"2019","03","28"
"02096960",2019-03-29,1160,1110,1130,"2019","03","29"
"02096960",2019-03-30,1120,1070,1090,"2019","03","30"
"02096960",2019-03-31,1100,1050,1060,"2019","03","31"
"02096960",2019-04-01,1050,943,1000,"2019","04","01"
"02096960",2019-04-02,943,900,923,"2019","04","02"
"02096960",2019-04-03,969,934,959,"2019","04","03"
"02096960",2019-04-04,934,891,907,"2019","04","04"
"02096960",2019-04-05,1750,874,1040,"2019","04","05"
"02096960",2019-04-06,3070,1750,2550,"2019","04","06"
"02096960",2019-04-07,2450,1660,1960,"2019","04","07"
"02096960",2019-04-08,3830,1480,1830,"2019","04","08"
"02096960",2019-04-09,9500,3830,7830,"2019","04","09"
"02096960",2019-04-10,7830,3240,4910,"2019","04","10"
"02096960",2019-04-11,3240,2100,2630,"2019","04","11"
"02096960",2019-04-12,22500,1690,4680,"2019","04","12"
"02096960",2019-04-13,35100,21600,27500,"2019","04","13"
"02096960",2019-04-14,33400,7770,18900,"2019","04","14"
"02096960",2019-04-15,7770,4050,5460,"2019","04","15"
"02096960",2019-04-16,4050,2570,3290,"2019","04","16"
"02096960",2019-04-17,2570,1880,2180,"2019","04","17"
"02096960",2019-04-18,1880,1570,1760,"2019","04","18"
"02096960",2019-04-19,13500,1390,3720,"2019","04","19"
"02096960",2019-04-20,13800,3990,8150,"2019","04","20"
"02096960",2019-04-21,3990,2190,2830,"2019","04","21"
"02096960",2019-04-22,2190,1720,1920,"2019","04","22"
"02096960",2019-04-23,1720,1470,1580,"2019","04","23"
"02096960",2019-04-24,1470,1210,1340,"2019","04","24"
"02096960",2019-04-25,1210,842,1100,"2019","04","25"
"02096960",2019-04-26,1090,842,1010,"2019","04","26"
"02096960",2019-04-27,1170,1040,1110,"2019","04","27"
"02096960",2019-04-28,1040,882,969,"2019","04","28"
"02096960",2019-04-29,882,738,826,"2019","04","29"
"02096960",2019-04-30,746,622,721,"2019","04","30"
"02096960",2019-05-01,753,629,705,"2019","05","01"
"02096960",2019-05-02,685,601,655,"2019","05","02"
"02096960",2019-05-03,678,635,657,"2019","05","03"
"02096960",2019-05-04,685,607,643,"2019","05","04"
"02096960",2019-05-05,684,607,624,"2019","05","05"
"02096960",2019-05-06,1060,684,882,"2019","05","06"
"02096960",2019-05-07,981,751,845,"2019","05","07"
"02096960",2019-05-08,751,626,689,"2019","05","08"
"02096960",2019-05-09,633,552,587,"2019","05","09"
"02096960",2019-05-10,565,465,521,"2019","05","10"
"02096960",2019-05-11,489,465,481,"2019","05","11"
"02096960",2019-05-12,927,477,614,"2019","05","12"
"02096960",2019-05-13,1040,843,940,"2019","05","13"
"02096960",2019-05-14,1300,952,1140,"2019","05","14"
"02096960",2019-05-15,952,674,786,"2019","05","15"
"02096960",2019-05-16,674,499,588,"2019","05","16"
"02096960",2019-05-17,499,428,475,"2019","05","17"
"02096960",2019-05-18,463,411,445,"2019","05","18"
"02096960",2019-05-19,487,422,455,"2019","05","19"
"02096960",2019-05-20,422,357,394,"2019","05","20"
"02096960",2019-05-21,373,327,358,"2019","05","21"
"02096960",2019-05-22,327,307,316,"2019","05","22"
"02096960",2019-05-23,341,274,306,"2019","05","23"
"02096960",2019-05-24,341,270,317,"2019","05","24"
"02096960",2019-05-25,461,341,426,"2019","05","25"
"02096960",2019-05-26,426,356,399,"2019","05","26"
"02096960",2019-05-27,356,306,330,"2019","05","27"
"02096960",2019-05-28,325,273,292,"2019","05","28"
"02096960",2019-05-29,278,247,268,"2019","05","29"
"02096960",2019-05-30,247,218,233,"2019","05","30"
"02096960",2019-05-31,277,210,226,"2019","05","31"
"02096960",2019-06-01,319,246,272,"2019","06","01"
"02096960",2019-06-02,489,246,356,"2019","06","02"
"02096960",2019-06-03,324,213,257,"2019","06","03"
"02096960",2019-06-04,246,202,218,"2019","06","04"
"02096960",2019-06-05,225,190,204,"2019","06","05"
"02096960",2019-06-06,213,152,187,"2019","06","06"
"02096960",2019-06-07,400,168,256,"2019","06","07"
"02096960",2019-06-08,5860,400,2270,"2019","06","08"
"02096960",2019-06-09,9930,5860,8650,"2019","06","09"
"02096960",2019-06-10,7300,3610,4920,"2019","06","10"
"02096960",2019-06-11,5090,3230,3910,"2019","06","11"
"02096960",2019-06-12,3230,1570,2190,"2019","06","12"
"02096960",2019-06-13,3750,1400,1970,"2019","06","13"
"02096960",2019-06-14,3750,3080,3540,"2019","06","14"
"02096960",2019-06-15,3080,2150,2730,"2019","06","15"
"02096960",2019-06-16,2150,1230,1610,"2019","06","16"
"02096960",2019-06-17,1230,663,961,"2019","06","17"
"02096960",2019-06-18,782,627,694,"2019","06","18"
"02096960",2019-06-19,4470,669,2230,"2019","06","19"
"02096960",2019-06-20,4240,2010,2850,"2019","06","20"
"02096960",2019-06-21,2010,1590,1780,"2019","06","21"
"02096960",2019-06-22,1590,1040,1220,"2019","06","22"
"02096960",2019-06-23,1040,757,894,"2019","06","23"
"02096960",2019-06-24,757,558,658,"2019","06","24"
"02096960",2019-06-25,571,470,528,"2019","06","25"
"02096960",2019-06-26,482,441,467,"2019","06","26"
"02096960",2019-06-27,470,379,436,"2019","06","27"
"02096960",2019-06-28,379,323,356,"2019","06","28"
"02096960",2019-06-29,328,276,307,"2019","06","29"
"02096960",2019-06-30,294,267,274,"2019","06","30"
"02096960",2019-07-01,284,249,265,"2019","07","01"
"02096960",2019-07-02,280,249,255,"2019","07","02"
"02096960",2019-07-03,289,253,272,"2019","07","03"
"02096960",2019-07-04,266,236,245,"2019","07","04"
"02096960",2019-07-05,444,228,378,"2019","07","05"
"02096960",2019-07-06,302,240,275,"2019","07","06"
"02096960",2019-07-07,574,235,425,"2019","07","07"
"02096960",2019-07-08,1910,387,763,"2019","07","08"
"02096960",2019-07-09,1880,560,1010,"2019","07","09"
"02096960",2019-07-10,560,355,433,"2019","07","10"
"02096960",2019-07-11,371,315,340,"2019","07","11"
"02096960",2019-07-12,360,305,338,"2019","07","12"
"02096960",2019-07-13,339,300,320,"2019","07","13"
"02096960",2019-07-14,310,277,287,"2019","07","14"
"02096960",2019-07-15,277,217,243,"2019","07","15"
"02096960",2019-07-16,288,152,202,"2019","07","16"
"02096960",2019-07-17,275,168,209,"2019","07","17"
"02096960",2019-07-18,220,164,197,"2019","07","18"
"02096960",2019-07-19,404,160,248,"2019","07","19"
"02096960",2019-07-20,302,189,230,"2019","07","20"
"02096960",2019-07-21,219,174,192,"2019","07","21"
"02096960",2019-07-22,181,141,166,"2019","07","22"
"02096960",2019-07-23,635,157,241,"2019","07","23"
"02096960",2019-07-24,2490,635,1900,"2019","07","24"
"02096960",2019-07-25,1630,1190,1280,"2019","07","25"
"02096960",2019-07-26,1220,559,907,"2019","07","26"
"02096960",2019-07-27,669,355,529,"2019","07","27"
"02096960",2019-07-28,397,278,348,"2019","07","28"
"02096960",2019-07-29,301,238,280,"2019","07","29"
"02096960",2019-07-30,273,230,248,"2019","07","30"
"02096960",2019-07-31,230,202,216,"2019","07","31"
"02096960",2019-08-01,2480,187,224,"2019","08","01"
"02096960",2019-08-02,3700,1170,2290,"2019","08","02"
"02096960",2019-08-03,2080,653,1410,"2019","08","03"
"02096960",2019-08-04,734,558,667,"2019","08","04"
"02096960",2019-08-05,558,343,413,"2019","08","05"
"02096960",2019-08-06,343,281,313,"2019","08","06"
"02096960",2019-08-07,590,276,369,"2019","08","07"
"02096960",2019-08-08,1710,590,1010,"2019","08","08"
"02096960",2019-08-09,603,323,435,"2019","08","09"
"02096960",2019-08-10,343,280,305,"2019","08","10"
"02096960",2019-08-11,280,228,257,"2019","08","11"
"02096960",2019-08-12,228,186,201,"2019","08","12"
"02096960",2019-08-13,186,168,176,"2019","08","13"
"02096960",2019-08-14,462,168,326,"2019","08","14"
"02096960",2019-08-15,322,262,283,"2019","08","15"
"02096960",2019-08-16,266,212,227,"2019","08","16"
"02096960",2019-08-17,761,200,525,"2019","08","17"
"02096960",2019-08-18,1300,356,587,"2019","08","18"
"02096960",2019-08-19,1310,503,774,"2019","08","19"
"02096960",2019-08-20,1250,366,474,"2019","08","20"
"02096960",2019-08-21,1380,326,788,"2019","08","21"
"02096960",2019-08-22,503,326,400,"2019","08","22"
"02096960",2019-08-23,522,355,448,"2019","08","23"
"02096960",2019-08-24,1920,330,514,"2019","08","24"
"02096960",2019-08-25,3130,1850,2510,"2019","08","25"
"02096960",2019-08-26,2620,1040,1580,"2019","08","26"
"02096960",2019-08-27,1040,705,859,"2019","08","27"
"02096960",2019-08-28,705,508,599,"2019","08","28"
"02096960",2019-08-29,508,344,441,"2019","08","29"
"02096960",2019-08-30,391,291,323,"2019","08","30"
"02096960",2019-08-31,291,272,283,"2019","08","31"
"02096960",2019-09-01,272,226,247,"2019","09","01"
"02096960",2019-09-02,226,187,200,"2019","09","02"
"02096960",2019-09-03,187,155,166,"2019","09","03"
"02096960",2019-09-04,162,149,156,"2019","09","04"
"02096960",2019-09-05,176,152,163,"2019","09","05"
"02096960",2019-09-06,176,142,160,"2019","09","06"
"02096960",2019-09-07,165,136,146,"2019","09","07"
"02096960",2019-09-08,183,158,174,"2019","09","08"
"02096960",2019-09-09,158,129,134,"2019","09","09"
"02096960",2019-09-10,135,120,128,"2019","09","10"
"02096960",2019-09-11,126,109,118,"2019","09","11"
"02096960",2019-09-12,117,103,110,"2019","09","12"
"02096960",2019-09-13,109,98.1,102,"2019","09","13"
"02096960",2019-09-14,103,92.9,96.9,"2019","09","14"
"02096960",2019-09-15,106,90.3,96.6,"2019","09","15"
"02096960",2019-09-16,109,97.8,102,"2019","09","16"
"02096960",2019-09-17,114,97.8,106,"2019","09","17"
"02096960",2019-09-18,103,95.1,98.1,"2019","09","18"
"02096960",2019-09-19,100,85,92.1,"2019","09","19"
"02096960",2019-09-20,97.5,80.2,88,"2019","09","20"
"02096960",2019-09-21,97.5,87.3,92.4,"2019","09","21"
"02096960",2019-09-22,92.2,77.7,84.3,"2019","09","22"
"02096960",2019-09-23,89.7,70.9,77.9,"2019","09","23"
"02096960",2019-09-24,82.2,73.1,76.7,"2019","09","24"
"02096960",2019-09-25,77.6,70.8,74.6,"2019","09","25"
"02096960",2019-09-26,79.8,66.4,72.5,"2019","09","26"
"02096960",2019-09-27,75.1,48.7,60,"2019","09","27"
"02096960",2019-09-28,86.8,50.4,65.2,"2019","09","28"
"02096960",2019-09-29,127,68.4,99.4,"2019","09","29"
"02096960",2019-09-30,230,86.6,170,"2019","09","30"
"02096960",2019-10-01,NA,NA,116,"2019","10","01"
"02096960",2019-10-02,NA,NA,99.1,"2019","10","02"
"02096960",2019-10-03,NA,NA,84.1,"2019","10","03"
"02096960",2019-10-04,NA,NA,73.5,"2019","10","04"
"02096960",2019-10-05,NA,NA,66.2,"2019","10","05"
"02096960",2019-10-06,NA,NA,61.5,"2019","10","06"
"02096960",2019-10-07,NA,NA,60.9,"2019","10","07"
"02096960",2019-10-08,NA,NA,61.4,"2019","10","08"
"02096960",2019-10-09,NA,NA,62.6,"2019","10","09"
"02096960",2019-10-10,NA,NA,58.5,"2019","10","10"
"02096960",2019-10-11,NA,NA,54.5,"2019","10","11"
"02096960",2019-10-12,NA,NA,68.1,"2019","10","12"
"02096960",2019-10-13,NA,NA,70.6,"2019","10","13"
"02096960",2019-10-14,NA,NA,85.7,"2019","10","14"
"02096960",2019-10-15,NA,NA,128,"2019","10","15"
"02096960",2019-10-16,NA,NA,148,"2019","10","16"
"02096960",2019-10-17,NA,NA,248,"2019","10","17"
"02096960",2019-10-18,NA,NA,368,"2019","10","18"
"02096960",2019-10-19,NA,NA,140,"2019","10","19"
"02096960",2019-10-20,NA,NA,788,"2019","10","20"
"02096960",2019-10-21,NA,NA,1670,"2019","10","21"
"02096960",2019-10-22,NA,NA,574,"2019","10","22"
"02096960",2019-10-23,NA,NA,519,"2019","10","23"
"02096960",2019-10-24,NA,NA,606,"2019","10","24"
"02096960",2019-10-25,NA,NA,334,"2019","10","25"
"02096960",2019-10-26,NA,NA,273,"2019","10","26"
"02096960",2019-10-27,NA,NA,207,"2019","10","27"
"02096960",2019-10-28,NA,NA,171,"2019","10","28"
"02096960",2019-10-29,NA,NA,193,"2019","10","29"
"02096960",2019-10-30,NA,NA,172,"2019","10","30"
"02096960",2019-10-31,NA,NA,836,"2019","10","31"
"02096960",2019-11-01,NA,NA,3470,"2019","11","01"
"02096960",2019-11-02,NA,NA,2040,"2019","11","02"
"02096960",2019-11-03,NA,NA,1130,"2019","11","03"
"02096960",2019-11-04,NA,NA,782,"2019","11","04"
"02096960",2019-11-05,NA,NA,571,"2019","11","05"
"02096960",2019-11-06,NA,NA,384,"2019","11","06"
"02096960",2019-11-07,NA,NA,298,"2019","11","07"
"02096960",2019-11-08,NA,NA,260,"2019","11","08"
"02096960",2019-11-09,NA,NA,204,"2019","11","09"
"02096960",2019-11-10,NA,NA,276,"2019","11","10"
"02096960",2019-11-11,NA,NA,212,"2019","11","11"
"02096960",2019-11-12,NA,NA,225,"2019","11","12"
"02096960",2019-11-13,NA,NA,345,"2019","11","13"
"02096960",2019-11-14,NA,NA,510,"2019","11","14"
"02096960",2019-11-15,NA,NA,362,"2019","11","15"
"02096960",2019-11-16,NA,NA,291,"2019","11","16"
"02096960",2019-11-17,NA,NA,274,"2019","11","17"
"02096960",2019-11-18,NA,NA,249,"2019","11","18"
"02096960",2019-11-19,NA,NA,245,"2019","11","19"
"02096960",2019-11-20,NA,NA,297,"2019","11","20"
"02096960",2019-11-21,NA,NA,291,"2019","11","21"
"02096960",2019-11-22,NA,NA,249,"2019","11","22"
"02096960",2019-11-23,NA,NA,246,"2019","11","23"
"02096960",2019-11-24,NA,NA,1250,"2019","11","24"
"02096960",2019-11-25,NA,NA,1740,"2019","11","25"
"02096960",2019-11-26,NA,NA,965,"2019","11","26"
"02096960",2019-11-27,NA,NA,750,"2019","11","27"
"02096960",2019-11-28,NA,NA,943,"2019","11","28"
"02096960",2019-11-29,NA,NA,835,"2019","11","29"
"02096960",2019-11-30,NA,NA,573,"2019","11","30"
"02096960",2019-12-01,NA,NA,2610,"2019","12","01"
"02096960",2019-12-02,NA,NA,5730,"2019","12","02"
"02096960",2019-12-03,NA,NA,2800,"2019","12","03"
"02096960",2019-12-04,NA,NA,1850,"2019","12","04"
"02096960",2019-12-05,NA,NA,1240,"2019","12","05"
"02096960",2019-12-06,NA,NA,853,"2019","12","06"
"02096960",2019-12-07,NA,NA,645,"2019","12","07"
"02096960",2019-12-08,NA,NA,545,"2019","12","08"
"02096960",2019-12-09,NA,NA,483,"2019","12","09"
"02096960",2019-12-10,NA,NA,428,"2019","12","10"
"02096960",2019-12-11,NA,NA,594,"2019","12","11"
"02096960",2019-12-12,NA,NA,1060,"2019","12","12"
"02096960",2019-12-13,NA,NA,887,"2019","12","13"
"02096960",2019-12-14,NA,NA,8970,"2019","12","14"
"02096960",2019-12-15,NA,NA,5910,"2019","12","15"
"02096960",2019-12-16,NA,NA,2970,"2019","12","16"
"02096960",2019-12-17,NA,NA,2040,"2019","12","17"
"02096960",2019-12-18,NA,NA,2920,"2019","12","18"
"02096960",2019-12-19,NA,NA,2000,"2019","12","19"
"02096960",2019-12-20,NA,NA,1310,"2019","12","20"
"02096960",2019-12-21,NA,NA,994,"2019","12","21"
"02096960",2019-12-22,NA,NA,834,"2019","12","22"
"02096960",2019-12-23,NA,NA,841,"2019","12","23"
"02096960",2019-12-24,NA,NA,955,"2019","12","24"
"02096960",2019-12-25,NA,NA,941,"2019","12","25"
"02096960",2019-12-26,NA,NA,723,"2019","12","26"
"02096960",2019-12-27,NA,NA,620,"2019","12","27"
"02096960",2019-12-28,NA,NA,569,"2019","12","28"
"02096960",2019-12-29,NA,NA,536,"2019","12","29"
"02096960",2019-12-30,NA,NA,721,"2019","12","30"
"02096960",2019-12-31,NA,NA,935,"2019","12","31"
"02096960",2020-01-01,NA,NA,622,"2020","01","01"
"02096960",2020-01-02,NA,NA,552,"2020","01","02"
"02096960",2020-01-03,NA,NA,943,"2020","01","03"
"02096960",2020-01-04,NA,NA,7030,"2020","01","04"
"02096960",2020-01-05,NA,NA,4600,"2020","01","05"
"02096960",2020-01-06,NA,NA,2700,"2020","01","06"
"02096960",2020-01-07,NA,NA,2020,"2020","01","07"
"02096960",2020-01-08,NA,NA,1780,"2020","01","08"
"02096960",2020-01-09,NA,NA,1360,"2020","01","09"
"02096960",2020-01-10,NA,NA,1110,"2020","01","10"
"02096960",2020-01-11,NA,NA,915,"2020","01","11"
"02096960",2020-01-12,NA,NA,1210,"2020","01","12"
"02096960",2020-01-13,NA,NA,2130,"2020","01","13"
"02096960",2020-01-14,NA,NA,4820,"2020","01","14"
"02096960",2020-01-15,NA,NA,6100,"2020","01","15"
"02096960",2020-01-16,NA,NA,3190,"2020","01","16"
"02096960",2020-01-17,NA,NA,2030,"2020","01","17"
"02096960",2020-01-18,NA,NA,1400,"2020","01","18"
"02096960",2020-01-19,NA,NA,1140,"2020","01","19"
"02096960",2020-01-20,NA,NA,1110,"2020","01","20"
"02096960",2020-01-21,NA,NA,1000,"2020","01","21"
"02096960",2020-01-22,NA,NA,844,"2020","01","22"
"02096960",2020-01-23,NA,NA,722,"2020","01","23"
"02096960",2020-01-24,NA,NA,679,"2020","01","24"
"02096960",2020-01-25,NA,NA,11400,"2020","01","25"
"02096960",2020-01-26,NA,NA,6090,"2020","01","26"
"02096960",2020-01-27,NA,NA,3020,"2020","01","27"
"02096960",2020-01-28,NA,NA,2120,"2020","01","28"
"02096960",2020-01-29,NA,NA,1730,"2020","01","29"
"02096960",2020-01-30,NA,NA,1310,"2020","01","30"
"02096960",2020-01-31,NA,NA,1060,"2020","01","31"
"02096960",2020-02-01,NA,NA,1970,"2020","02","01"
"02096960",2020-02-02,NA,NA,1920,"2020","02","02"
"02096960",2020-02-03,NA,NA,1410,"2020","02","03"
"02096960",2020-02-04,NA,NA,1120,"2020","02","04"
"02096960",2020-02-05,NA,NA,971,"2020","02","05"
"02096960",2020-02-06,NA,NA,9750,"2020","02","06"
"02096960",2020-02-07,NA,NA,43800,"2020","02","07"
"02096960",2020-02-08,NA,NA,19500,"2020","02","08"
"02096960",2020-02-09,NA,NA,6450,"2020","02","09"
"02096960",2020-02-10,NA,NA,3400,"2020","02","10"
"02096960",2020-02-11,NA,NA,3590,"2020","02","11"
"02096960",2020-02-12,NA,NA,7870,"2020","02","12"
"02096960",2020-02-13,NA,NA,5180,"2020","02","13"
"02096960",2020-02-14,NA,NA,8180,"2020","02","14"
"02096960",2020-02-15,NA,NA,4520,"2020","02","15"
"02096960",2020-02-16,NA,NA,3120,"2020","02","16"
"02096960",2020-02-17,NA,NA,2380,"2020","02","17"
"02096960",2020-02-18,NA,NA,1770,"2020","02","18"
"02096960",2020-02-19,NA,NA,1560,"2020","02","19"
"02096960",2020-02-20,NA,NA,1660,"2020","02","20"
"02096960",2020-02-21,NA,NA,1630,"2020","02","21"
"02096960",2020-02-22,NA,NA,1700,"2020","02","22"
"02096960",2020-02-23,NA,NA,1430,"2020","02","23"
"02096960",2020-02-24,NA,NA,1250,"2020","02","24"
"02096960",2020-02-25,NA,NA,1680,"2020","02","25"
"02096960",2020-02-26,NA,NA,2830,"2020","02","26"
"02096960",2020-02-27,NA,NA,2070,"2020","02","27"
"02096960",2020-02-28,NA,NA,1590,"2020","02","28"
"02096960",2020-02-29,NA,NA,1270,"2020","02","29"
"02096960",2020-03-01,NA,NA,1080,"2020","03","01"
"02096960",2020-03-02,NA,NA,952,"2020","03","02"
"02096960",2020-03-03,NA,NA,928,"2020","03","03"
"02096960",2020-03-04,NA,NA,1120,"2020","03","04"
"02096960",2020-03-05,NA,NA,1180,"2020","03","05"
"02096960",2020-03-06,NA,NA,936,"2020","03","06"
"02096960",2020-03-07,NA,NA,825,"2020","03","07"
"02096960",2020-03-08,NA,NA,757,"2020","03","08"
"02096960",2020-03-09,NA,NA,689,"2020","03","09"
"02096960",2020-03-10,NA,NA,690,"2020","03","10"
"02096960",2020-03-11,NA,NA,699,"2020","03","11"
"02096960",2020-03-12,NA,NA,743,"2020","03","12"
"02096960",2020-03-13,NA,NA,782,"2020","03","13"
"02096960",2020-03-14,NA,NA,730,"2020","03","14"
"02096960",2020-03-15,NA,NA,696,"2020","03","15"
"02096960",2020-03-16,NA,NA,636,"2020","03","16"
"02096960",2020-03-17,NA,NA,594,"2020","03","17"
"02096960",2020-03-18,NA,NA,694,"2020","03","18"
"02096960",2020-03-19,NA,NA,756,"2020","03","19"
"02096960",2020-03-20,NA,NA,765,"2020","03","20"
"02096960",2020-03-21,NA,NA,718,"2020","03","21"
"02096960",2020-03-22,NA,NA,732,"2020","03","22"
"02096960",2020-03-23,NA,NA,728,"2020","03","23"
"02096960",2020-03-24,NA,NA,1230,"2020","03","24"
"02096960",2020-03-25,NA,NA,6060,"2020","03","25"
"02096960",2020-03-26,NA,NA,5550,"2020","03","26"
"02096960",2020-03-27,NA,NA,2840,"2020","03","27"
"02096960",2020-03-28,NA,NA,1970,"2020","03","28"
"02096960",2020-03-29,NA,NA,1520,"2020","03","29"
"02096960",2020-03-30,NA,NA,1260,"2020","03","30"
"02096960",2020-03-31,NA,NA,1070,"2020","03","31"
"02096960",2020-04-01,NA,NA,923,"2020","04","01"
"02096960",2020-04-02,NA,NA,799,"2020","04","02"
"02096960",2020-04-03,NA,NA,711,"2020","04","03"
"02096960",2020-04-04,NA,NA,643,"2020","04","04"
"02096960",2020-04-05,NA,NA,589,"2020","04","05"
"02096960",2020-04-06,NA,NA,549,"2020","04","06"
"02096960",2020-04-07,NA,NA,545,"2020","04","07"
"02096960",2020-04-08,NA,NA,574,"2020","04","08"
"02096960",2020-04-09,NA,NA,657,"2020","04","09"
"02096960",2020-04-10,NA,NA,639,"2020","04","10"
"02096960",2020-04-11,NA,NA,559,"2020","04","11"
"02096960",2020-04-12,NA,NA,458,"2020","04","12"
"02096960",2020-04-13,NA,NA,2600,"2020","04","13"
"02096960",2020-04-14,NA,NA,4030,"2020","04","14"
"02096960",2020-04-15,NA,NA,1970,"2020","04","15"
"02096960",2020-04-16,NA,NA,1260,"2020","04","16"
"02096960",2020-04-17,NA,NA,870,"2020","04","17"
"02096960",2020-04-18,NA,NA,735,"2020","04","18"
"02096960",2020-04-19,NA,NA,698,"2020","04","19"
"02096960",2020-04-20,NA,NA,766,"2020","04","20"
"02096960",2020-04-21,NA,NA,1100,"2020","04","21"
"02096960",2020-04-22,NA,NA,1010,"2020","04","22"
"02096960",2020-04-23,NA,NA,832,"2020","04","23"
"02096960",2020-04-24,NA,NA,746,"2020","04","24"
"02096960",2020-04-25,NA,NA,698,"2020","04","25"
"02096960",2020-04-26,NA,NA,766,"2020","04","26"
"02096960",2020-04-27,NA,NA,947,"2020","04","27"
"02096960",2020-04-28,NA,NA,735,"2020","04","28"
"02096960",2020-04-29,NA,NA,573,"2020","04","29"
"02096960",2020-04-30,NA,NA,4830,"2020","04","30"
"02096960",2020-05-01,NA,NA,6920,"2020","05","01"
"02096960",2020-05-02,NA,NA,3170,"2020","05","02"
"02096960",2020-05-03,NA,NA,1960,"2020","05","03"
"02096960",2020-05-04,NA,NA,1390,"2020","05","04"
"02096960",2020-05-05,NA,NA,967,"2020","05","05"
"02096960",2020-05-06,NA,NA,806,"2020","05","06"
"02096960",2020-05-07,NA,NA,1100,"2020","05","07"
"02096960",2020-05-08,NA,NA,754,"2020","05","08"
"02096960",2020-05-09,NA,NA,684,"2020","05","09"
"02096960",2020-05-10,NA,NA,558,"2020","05","10"
"02096960",2020-05-11,NA,NA,487,"2020","05","11"
"02096960",2020-05-12,NA,NA,425,"2020","05","12"
"02096960",2020-05-13,NA,NA,403,"2020","05","13"
"02096960",2020-05-14,NA,NA,362,"2020","05","14"
"02096960",2020-05-15,NA,NA,389,"2020","05","15"
"02096960",2020-05-16,NA,NA,379,"2020","05","16"
"02096960",2020-05-17,NA,NA,352,"2020","05","17"
"02096960",2020-05-18,NA,NA,346,"2020","05","18"
"02096960",2020-05-19,NA,NA,448,"2020","05","19"
"02096960",2020-05-20,NA,NA,4350,"2020","05","20"
"02096960",2020-05-21,NA,NA,21700,"2020","05","21"
"02096960",2020-05-22,NA,NA,26400,"2020","05","22"
"02096960",2020-05-23,NA,NA,12700,"2020","05","23"
"02096960",2020-05-24,NA,NA,5290,"2020","05","24"
"02096960",2020-05-25,NA,NA,6400,"2020","05","25"
"02096960",2020-05-26,NA,NA,4730,"2020","05","26"
"02096960",2020-05-27,NA,NA,3030,"2020","05","27"
"02096960",2020-05-28,NA,NA,5900,"2020","05","28"
"02096960",2020-05-29,NA,NA,6880,"2020","05","29"
"02096960",2020-05-30,NA,NA,4400,"2020","05","30"
"02096960",2020-05-31,NA,NA,2600,"2020","05","31"
"02096960",2020-06-01,NA,NA,1750,"2020","06","01"
"02096960",2020-06-02,NA,NA,1210,"2020","06","02"
"02096960",2020-06-03,NA,NA,967,"2020","06","03"
"02096960",2020-06-04,NA,NA,869,"2020","06","04"
"02096960",2020-06-05,NA,NA,788,"2020","06","05"
"02096960",2020-06-06,NA,NA,696,"2020","06","06"
"02096960",2020-06-07,NA,NA,1150,"2020","06","07"
"02096960",2020-06-08,NA,NA,911,"2020","06","08"
"02096960",2020-06-09,NA,NA,663,"2020","06","09"
"02096960",2020-06-10,NA,NA,553,"2020","06","10"
"02096960",2020-06-11,NA,NA,597,"2020","06","11"
"02096960",2020-06-12,NA,NA,6860,"2020","06","12"
"02096960",2020-06-13,NA,NA,1860,"2020","06","13"
"02096960",2020-06-14,NA,NA,907,"2020","06","14"
"02096960",2020-06-15,NA,NA,652,"2020","06","15"
"02096960",2020-06-16,NA,NA,846,"2020","06","16"
"02096960",2020-06-17,NA,NA,4230,"2020","06","17"
"02096960",2020-06-18,NA,NA,2780,"2020","06","18"
"02096960",2020-06-19,NA,NA,1740,"2020","06","19"
"02096960",2020-06-20,NA,NA,3160,"2020","06","20"
"02096960",2020-06-21,NA,NA,2350,"2020","06","21"
"02096960",2020-06-22,NA,NA,1390,"2020","06","22"
"02096960",2020-06-23,NA,NA,1000,"2020","06","23"
"02096960",2020-06-24,NA,NA,763,"2020","06","24"
"02096960",2020-06-25,NA,NA,603,"2020","06","25"
"02096960",2020-06-26,NA,NA,528,"2020","06","26"
"02096960",2020-06-27,NA,NA,484,"2020","06","27"
"02096960",2020-06-28,NA,NA,419,"2020","06","28"
"02096960",2020-06-29,NA,NA,448,"2020","06","29"
"02096960",2020-06-30,NA,NA,453,"2020","06","30"
"02096960",2020-07-01,NA,NA,373,"2020","07","01"
"02096960",2020-07-02,NA,NA,364,"2020","07","02"
"02096960",2020-07-03,NA,NA,350,"2020","07","03"
"02096960",2020-07-04,NA,NA,328,"2020","07","04"
"02096960",2020-07-05,NA,NA,302,"2020","07","05"
"02096960",2020-07-06,NA,NA,295,"2020","07","06"
"02096960",2020-07-07,NA,NA,279,"2020","07","07"
"02096960",2020-07-08,NA,NA,235,"2020","07","08"
"02096960",2020-07-09,NA,NA,290,"2020","07","09"
"02096960",2020-07-10,NA,NA,380,"2020","07","10"
"02096960",2020-07-11,NA,NA,431,"2020","07","11"
"02096960",2020-07-12,NA,NA,461,"2020","07","12"
"02096960",2020-07-13,NA,NA,404,"2020","07","13"
"02096960",2020-07-14,NA,NA,303,"2020","07","14"
"02096960",2020-07-15,NA,NA,247,"2020","07","15"
"02096960",2020-07-16,NA,NA,221,"2020","07","16"
"02096960",2020-07-17,NA,NA,204,"2020","07","17"
"02096960",2020-07-18,NA,NA,607,"2020","07","18"
"02096960",2020-07-19,NA,NA,675,"2020","07","19"
"02096960",2020-07-20,NA,NA,353,"2020","07","20"
"02096960",2020-07-21,NA,NA,280,"2020","07","21"
"02096960",2020-07-22,NA,NA,230,"2020","07","22"
"02096960",2020-07-23,NA,NA,199,"2020","07","23"
"02096960",2020-07-24,NA,NA,968,"2020","07","24"
"02096960",2020-07-25,NA,NA,1900,"2020","07","25"
"02096960",2020-07-26,NA,NA,1030,"2020","07","26"
"02096960",2020-07-27,NA,NA,634,"2020","07","27"
"02096960",2020-07-28,NA,NA,367,"2020","07","28"
"02096960",2020-07-29,NA,NA,391,"2020","07","29"
"02096960",2020-07-30,NA,NA,377,"2020","07","30"
"02096960",2020-07-31,NA,NA,585,"2020","07","31"
"02096960",2020-08-01,NA,NA,372,"2020","08","01"
"02096960",2020-08-02,NA,NA,289,"2020","08","02"
"02096960",2020-08-03,NA,NA,309,"2020","08","03"
"02096960",2020-08-04,NA,NA,3860,"2020","08","04"
"02096960",2020-08-05,NA,NA,1470,"2020","08","05"
"02096960",2020-08-06,NA,NA,1090,"2020","08","06"
"02096960",2020-08-07,NA,NA,1330,"2020","08","07"
"02096960",2020-08-08,NA,NA,2560,"2020","08","08"
"02096960",2020-08-09,NA,NA,2570,"2020","08","09"
"02096960",2020-08-10,NA,NA,1550,"2020","08","10"
"02096960",2020-08-11,NA,NA,972,"2020","08","11"
"02096960",2020-08-12,NA,NA,718,"2020","08","12"
"02096960",2020-08-13,NA,NA,424,"2020","08","13"
"02096960",2020-08-14,NA,NA,385,"2020","08","14"
"02096960",2020-08-15,NA,NA,1240,"2020","08","15"
"02096960",2020-08-16,NA,NA,4460,"2020","08","16"
"02096960",2020-08-17,NA,NA,2740,"2020","08","17"
"02096960",2020-08-18,NA,NA,1780,"2020","08","18"
"02096960",2020-08-19,NA,NA,1410,"2020","08","19"
"02096960",2020-08-20,NA,NA,1190,"2020","08","20"
"02096960",2020-08-21,NA,NA,1100,"2020","08","21"
"02096960",2020-08-22,NA,NA,1200,"2020","08","22"
"02096960",2020-08-23,NA,NA,1470,"2020","08","23"
"02096960",2020-08-24,NA,NA,875,"2020","08","24"
"02096960",2020-08-25,NA,NA,583,"2020","08","25"
"02096960",2020-08-26,NA,NA,463,"2020","08","26"
"02096960",2020-08-27,NA,NA,393,"2020","08","27"
"02096960",2020-08-28,NA,NA,341,"2020","08","28"
"02096960",2020-08-29,NA,NA,269,"2020","08","29"
"02096960",2020-08-30,NA,NA,265,"2020","08","30"
"02096960",2020-08-31,NA,NA,255,"2020","08","31"
"02096960",2020-09-01,NA,NA,1440,"2020","09","01"
"02096960",2020-09-02,NA,NA,1710,"2020","09","02"
"02096960",2020-09-03,NA,NA,1620,"2020","09","03"
"02096960",2020-09-04,NA,NA,1140,"2020","09","04"
"02096960",2020-09-05,NA,NA,691,"2020","09","05"
"02096960",2020-09-06,NA,NA,428,"2020","09","06"
"02096960",2020-09-07,NA,NA,323,"2020","09","07"
"02096960",2020-09-08,NA,NA,258,"2020","09","08"
"02096960",2020-09-09,NA,NA,203,"2020","09","09"
"02096960",2020-09-10,NA,NA,209,"2020","09","10"
"02096960",2020-09-11,NA,NA,222,"2020","09","11"
"02096960",2020-09-12,NA,NA,273,"2020","09","12"
"02096960",2020-09-13,NA,NA,519,"2020","09","13"
"02096960",2020-09-14,NA,NA,413,"2020","09","14"
"02096960",2020-09-15,NA,NA,327,"2020","09","15"
"02096960",2020-09-16,NA,NA,261,"2020","09","16"
"02096960",2020-09-17,NA,NA,238,"2020","09","17"
"02096960",2020-09-18,NA,NA,6100,"2020","09","18"
"02096960",2020-09-19,NA,NA,3500,"2020","09","19"
"02096960",2020-09-20,NA,NA,1530,"2020","09","20"
"02096960",2020-09-21,NA,NA,954,"2020","09","21"
"02096960",2020-09-22,NA,NA,602,"2020","09","22"
"02096960",2020-09-23,NA,NA,466,"2020","09","23"
"02096960",2020-09-24,NA,NA,379,"2020","09","24"
"02096960",2020-09-25,NA,NA,704,"2020","09","25"
"02096960",2020-09-26,NA,NA,3550,"2020","09","26"
"02096960",2020-09-27,NA,NA,1960,"2020","09","27"
"02096960",2020-09-28,NA,NA,1260,"2020","09","28"
"02096960",2020-09-29,NA,NA,903,"2020","09","29"
"02096960",2020-09-30,NA,NA,3820,"2020","09","30"
"02096960",2020-10-01,NA,NA,2520,"2020","10","01"
"02096960",2020-10-02,NA,NA,1350,"2020","10","02"
"02096960",2020-10-03,NA,NA,882,"2020","10","03"
"02096960",2020-10-04,NA,NA,678,"2020","10","04"
"02096960",2020-10-05,NA,NA,520,"2020","10","05"
"02096960",2020-10-06,NA,NA,439,"2020","10","06"
"02096960",2020-10-07,NA,NA,383,"2020","10","07"
"02096960",2020-10-08,NA,NA,350,"2020","10","08"
"02096960",2020-10-09,NA,NA,356,"2020","10","09"
"02096960",2020-10-10,NA,NA,359,"2020","10","10"
"02096960",2020-10-11,NA,NA,1290,"2020","10","11"
"02096960",2020-10-12,NA,NA,5880,"2020","10","12"
"02096960",2020-10-13,NA,NA,3330,"2020","10","13"
"02096960",2020-10-14,NA,NA,2420,"2020","10","14"
"02096960",2020-10-15,NA,NA,1450,"2020","10","15"
"02096960",2020-10-16,NA,NA,1180,"2020","10","16"
"02096960",2020-10-17,NA,NA,1490,"2020","10","17"
"02096960",2020-10-18,NA,NA,951,"2020","10","18"
"02096960",2020-10-19,NA,NA,680,"2020","10","19"
"02096960",2020-10-20,NA,NA,629,"2020","10","20"
"02096960",2020-10-21,NA,NA,533,"2020","10","21"
"02096960",2020-10-22,NA,NA,476,"2020","10","22"
"02096960",2020-10-23,NA,NA,459,"2020","10","23"
"02096960",2020-10-24,NA,NA,437,"2020","10","24"
"02096960",2020-10-25,NA,NA,416,"2020","10","25"
"02096960",2020-10-26,NA,NA,665,"2020","10","26"
"02096960",2020-10-27,NA,NA,1110,"2020","10","27"
"02096960",2020-10-28,NA,NA,1500,"2020","10","28"
"02096960",2020-10-29,NA,NA,1190,"2020","10","29"
"02096960",2020-10-30,NA,NA,3340,"2020","10","30"
"02096960",2020-10-31,NA,NA,3260,"2020","10","31"
"02096960",2020-11-01,NA,NA,1590,"2020","11","01"
"02096960",2020-11-02,NA,NA,2170,"2020","11","02"
"02096960",2020-11-03,NA,NA,1490,"2020","11","03"
"02096960",2020-11-04,NA,NA,1070,"2020","11","04"
"02096960",2020-11-05,NA,NA,883,"2020","11","05"
"02096960",2020-11-06,NA,NA,753,"2020","11","06"
"02096960",2020-11-07,NA,NA,619,"2020","11","07"
"02096960",2020-11-08,NA,NA,634,"2020","11","08"
"02096960",2020-11-09,NA,NA,534,"2020","11","09"
"02096960",2020-11-10,NA,NA,511,"2020","11","10"
"02096960",2020-11-11,NA,NA,627,"2020","11","11"
"02096960",2020-11-12,NA,NA,13400,"2020","11","12"
"02096960",2020-11-13,NA,NA,30600,"2020","11","13"
"02096960",2020-11-14,NA,NA,13900,"2020","11","14"
"02096960",2020-11-15,NA,NA,5210,"2020","11","15"
"02096960",2020-11-16,NA,NA,2720,"2020","11","16"
"02096960",2020-11-17,NA,NA,1820,"2020","11","17"
"02096960",2020-11-18,NA,NA,1340,"2020","11","18"
"02096960",2020-11-19,NA,NA,1070,"2020","11","19"
"02096960",2020-11-20,NA,NA,891,"2020","11","20"
"02096960",2020-11-21,NA,NA,811,"2020","11","21"
"02096960",2020-11-22,NA,NA,769,"2020","11","22"
"02096960",2020-11-23,NA,NA,745,"2020","11","23"
"02096960",2020-11-24,NA,NA,722,"2020","11","24"
"02096960",2020-11-25,NA,NA,758,"2020","11","25"
"02096960",2020-11-26,NA,NA,847,"2020","11","26"
"02096960",2020-11-27,NA,NA,903,"2020","11","27"
"02096960",2020-11-28,NA,NA,843,"2020","11","28"
"02096960",2020-11-29,NA,NA,776,"2020","11","29"
"02096960",2020-11-30,NA,NA,8710,"2020","11","30"
"02096960",2020-12-01,NA,NA,8540,"2020","12","01"
"02096960",2020-12-02,NA,NA,4030,"2020","12","02"
"02096960",2020-12-03,NA,NA,2750,"2020","12","03"
"02096960",2020-12-04,NA,NA,2390,"2020","12","04"
"02096960",2020-12-05,NA,NA,4340,"2020","12","05"
"02096960",2020-12-06,NA,NA,4540,"2020","12","06"
"02096960",2020-12-07,NA,NA,2840,"2020","12","07"
"02096960",2020-12-08,NA,NA,2040,"2020","12","08"
"02096960",2020-12-09,NA,NA,1560,"2020","12","09"
"02096960",2020-12-10,NA,NA,1240,"2020","12","10"
"02096960",2020-12-11,NA,NA,1060,"2020","12","11"
"02096960",2020-12-12,NA,NA,972,"2020","12","12"
"02096960",2020-12-13,NA,NA,1010,"2020","12","13"
"02096960",2020-12-14,NA,NA,4940,"2020","12","14"
"02096960",2020-12-15,NA,NA,11600,"2020","12","15"
"02096960",2020-12-16,NA,NA,7710,"2020","12","16"
"02096960",2020-12-17,NA,NA,10500,"2020","12","17"
"02096960",2020-12-18,NA,NA,4670,"2020","12","18"
"02096960",2020-12-19,NA,NA,2820,"2020","12","19"
"02096960",2020-12-20,NA,NA,2780,"2020","12","20"
"02096960",2020-12-21,NA,NA,3710,"2020","12","21"
"02096960",2020-12-22,NA,NA,2420,"2020","12","22"
"02096960",2020-12-23,NA,NA,1800,"2020","12","23"
"02096960",2020-12-24,NA,NA,4630,"2020","12","24"
"02096960",2020-12-25,NA,NA,9060,"2020","12","25"
"02096960",2020-12-26,NA,NA,4670,"2020","12","26"
"02096960",2020-12-27,NA,NA,2940,"2020","12","27"
"02096960",2020-12-28,NA,NA,2260,"2020","12","28"
"02096960",2020-12-29,NA,NA,1800,"2020","12","29"
"02096960",2020-12-30,NA,NA,1470,"2020","12","30"
"02096960",2020-12-31,NA,NA,1450,"2020","12","31"
"02096960",2021-01-01,NA,NA,1640,"2021","01","01"
"02096960",2021-01-02,NA,NA,3120,"2021","01","02"
"02096960",2021-01-03,NA,NA,11200,"2021","01","03"
"02096960",2021-01-04,NA,NA,6030,"2021","01","04"
"02096960",2021-01-05,NA,NA,3160,"2021","01","05"
"02096960",2021-01-06,NA,NA,2390,"2021","01","06"
"02096960",2021-01-07,NA,NA,1830,"2021","01","07"
"02096960",2021-01-08,NA,NA,1580,"2021","01","08"
"02096960",2021-01-09,NA,NA,1780,"2021","01","09"
"02096960",2021-01-10,NA,NA,1880,"2021","01","10"
"02096960",2021-01-11,NA,NA,1650,"2021","01","11"
"02096960",2021-01-12,NA,NA,1430,"2021","01","12"
"02096960",2021-01-13,NA,NA,1280,"2021","01","13"
"02096960",2021-01-14,NA,NA,1180,"2021","01","14"
"02096960",2021-01-15,NA,NA,1100,"2021","01","15"
"02096960",2021-01-16,NA,NA,1230,"2021","01","16"
"02096960",2021-01-17,NA,NA,1370,"2021","01","17"
"02096960",2021-01-18,NA,NA,1150,"2021","01","18"
"02096960",2021-01-19,NA,NA,995,"2021","01","19"
"02096960",2021-01-20,NA,NA,932,"2021","01","20"
"02096960",2021-01-21,NA,NA,885,"2021","01","21"
"02096960",2021-01-22,NA,NA,857,"2021","01","22"
"02096960",2021-01-23,NA,NA,837,"2021","01","23"
"02096960",2021-01-24,NA,NA,898,"2021","01","24"
"02096960",2021-01-25,NA,NA,918,"2021","01","25"
"02096960",2021-01-26,NA,NA,2160,"2021","01","26"
"02096960",2021-01-27,NA,NA,3300,"2021","01","27"
"02096960",2021-01-28,NA,NA,4740,"2021","01","28"
"02096960",2021-01-29,NA,NA,4900,"2021","01","29"
"02096960",2021-01-30,NA,NA,2900,"2021","01","30"
"02096960",2021-01-31,NA,NA,5550,"2021","01","31"
"02096960",2021-02-01,NA,NA,9760,"2021","02","01"
"02096960",2021-02-02,NA,NA,4400,"2021","02","02"
"02096960",2021-02-03,NA,NA,2850,"2021","02","03"
"02096960",2021-02-04,NA,NA,2130,"2021","02","04"
"02096960",2021-02-05,NA,NA,1790,"2021","02","05"
"02096960",2021-02-06,NA,NA,1620,"2021","02","06"
"02096960",2021-02-07,NA,NA,3530,"2021","02","07"
"02096960",2021-02-08,NA,NA,5100,"2021","02","08"
"02096960",2021-02-09,NA,NA,2930,"2021","02","09"
"02096960",2021-02-10,NA,NA,2230,"2021","02","10"
"02096960",2021-02-11,NA,NA,1880,"2021","02","11"
"02096960",2021-02-12,NA,NA,6860,"2021","02","12"
"02096960",2021-02-13,NA,NA,9890,"2021","02","13"
"02096960",2021-02-14,NA,NA,14400,"2021","02","14"
"02096960",2021-02-15,NA,NA,11500,"2021","02","15"
"02096960",2021-02-16,NA,NA,16600,"2021","02","16"
"02096960",2021-02-17,NA,NA,9830,"2021","02","17"
"02096960",2021-02-18,NA,NA,6840,"2021","02","18"
"02096960",2021-02-19,NA,NA,11500,"2021","02","19"
"02096960",2021-02-20,NA,NA,7120,"2021","02","20"
"02096960",2021-02-21,NA,NA,4140,"2021","02","21"
"02096960",2021-02-22,NA,NA,3110,"2021","02","22"
"02096960",2021-02-23,NA,NA,4510,"2021","02","23"
"02096960",2021-02-24,NA,NA,3070,"2021","02","24"
"02096960",2021-02-25,NA,NA,2530,"2021","02","25"
"02096960",2021-02-26,NA,NA,2180,"2021","02","26"
"02096960",2021-02-27,NA,NA,6340,"2021","02","27"
"02096960",2021-02-28,NA,NA,5010,"2021","02","28"
"02096960",2021-03-01,NA,NA,3470,"2021","03","01"
"02096960",2021-03-02,NA,NA,3470,"2021","03","02"
"02096960",2021-03-03,NA,NA,2450,"2021","03","03"
"02096960",2021-03-04,NA,NA,1990,"2021","03","04"
"02096960",2021-03-05,NA,NA,1720,"2021","03","05"
"02096960",2021-03-06,NA,NA,1650,"2021","03","06"
"02096960",2021-03-07,NA,NA,1490,"2021","03","07"
"02096960",2021-03-08,NA,NA,1310,"2021","03","08"
"02096960",2021-03-09,NA,NA,1220,"2021","03","09"
"02096960",2021-03-10,NA,NA,1150,"2021","03","10"
"02096960",2021-03-11,NA,NA,1100,"2021","03","11"
"02096960",2021-03-12,NA,NA,1170,"2021","03","12"
"02096960",2021-03-13,NA,NA,1160,"2021","03","13"
"02096960",2021-03-14,NA,NA,1060,"2021","03","14"
"02096960",2021-03-15,NA,NA,987,"2021","03","15"
"02096960",2021-03-16,NA,NA,1020,"2021","03","16"
"02096960",2021-03-17,NA,NA,1430,"2021","03","17"
"02096960",2021-03-18,NA,NA,1380,"2021","03","18"
"02096960",2021-03-19,NA,NA,5120,"2021","03","19"
"02096960",2021-03-20,NA,NA,4820,"2021","03","20"
"02096960",2021-03-21,NA,NA,3490,"2021","03","21"
"02096960",2021-03-22,NA,NA,2320,"2021","03","22"
"02096960",2021-03-23,NA,NA,1700,"2021","03","23"
"02096960",2021-03-24,NA,NA,1400,"2021","03","24"
"02096960",2021-03-25,NA,NA,1360,"2021","03","25"
"02096960",2021-03-26,NA,NA,8670,"2021","03","26"
"02096960",2021-03-27,NA,NA,7750,"2021","03","27"
"02096960",2021-03-28,NA,NA,6200,"2021","03","28"
"02096960",2021-03-29,NA,NA,5620,"2021","03","29"
"02096960",2021-03-30,NA,NA,3470,"2021","03","30"
"02096960",2021-03-31,NA,NA,2500,"2021","03","31"
"02096960",2021-04-01,NA,NA,6170,"2021","04","01"
"02096960",2021-04-02,NA,NA,3530,"2021","04","02"
"02096960",2021-04-03,NA,NA,2360,"2021","04","03"
"02096960",2021-04-04,NA,NA,1830,"2021","04","04"
"02096960",2021-04-05,NA,NA,1540,"2021","04","05"
"02096960",2021-04-06,NA,NA,1380,"2021","04","06"
"02096960",2021-04-07,NA,NA,1330,"2021","04","07"
"02096960",2021-04-08,NA,NA,1270,"2021","04","08"
"02096960",2021-04-09,NA,NA,1140,"2021","04","09"
"02096960",2021-04-10,NA,NA,2550,"2021","04","10"
"02096960",2021-04-11,NA,NA,2150,"2021","04","11"
"02096960",2021-04-12,NA,NA,1910,"2021","04","12"
"02096960",2021-04-13,NA,NA,1360,"2021","04","13"
"02096960",2021-04-14,NA,NA,1100,"2021","04","14"
"02096960",2021-04-15,NA,NA,1000,"2021","04","15"
"02096960",2021-04-16,NA,NA,916,"2021","04","16"
"02096960",2021-04-17,NA,NA,832,"2021","04","17"
"02096960",2021-04-18,NA,NA,872,"2021","04","18"
"02096960",2021-04-19,NA,NA,855,"2021","04","19"
"02096960",2021-04-20,NA,NA,766,"2021","04","20"
"02096960",2021-04-21,NA,NA,727,"2021","04","21"
"02096960",2021-04-22,NA,NA,671,"2021","04","22"
"02096960",2021-04-23,NA,NA,704,"2021","04","23"
"02096960",2021-04-24,NA,NA,753,"2021","04","24"
"02096960",2021-04-25,NA,NA,963,"2021","04","25"
"02096960",2021-04-26,NA,NA,1300,"2021","04","26"
"02096960",2021-04-27,NA,NA,909,"2021","04","27"
"02096960",2021-04-28,NA,NA,803,"2021","04","28"
"02096960",2021-04-29,NA,NA,731,"2021","04","29"
"02096960",2021-04-30,NA,NA,656,"2021","04","30"
"02096960",2021-05-01,NA,NA,604,"2021","05","01"
"02096960",2021-05-02,NA,NA,632,"2021","05","02"
"02096960",2021-05-03,NA,NA,556,"2021","05","03"
"02096960",2021-05-04,NA,NA,851,"2021","05","04"
"02096960",2021-05-05,NA,NA,1320,"2021","05","05"
"02096960",2021-05-06,NA,NA,1380,"2021","05","06"
"02096960",2021-05-07,NA,NA,1080,"2021","05","07"
"02096960",2021-05-08,NA,NA,786,"2021","05","08"
"02096960",2021-05-09,NA,NA,642,"2021","05","09"
"02096960",2021-05-10,NA,NA,572,"2021","05","10"
"02096960",2021-05-11,NA,NA,752,"2021","05","11"
"02096960",2021-05-12,NA,NA,892,"2021","05","12"
"02096960",2021-05-13,NA,NA,780,"2021","05","13"
"02096960",2021-05-14,NA,NA,698,"2021","05","14"
"02096960",2021-05-15,NA,NA,559,"2021","05","15"
"02096960",2021-05-16,NA,NA,503,"2021","05","16"
"02096960",2021-05-17,NA,NA,468,"2021","05","17"
"02096960",2021-05-18,NA,NA,458,"2021","05","18"
"02096960",2021-05-19,NA,NA,457,"2021","05","19"
"02096960",2021-05-20,NA,NA,444,"2021","05","20"
"02096960",2021-05-21,NA,NA,421,"2021","05","21"
"02096960",2021-05-22,NA,NA,388,"2021","05","22"
"02096960",2021-05-23,NA,NA,416,"2021","05","23"
"02096960",2021-05-24,NA,NA,397,"2021","05","24"
"02096960",2021-05-25,NA,NA,334,"2021","05","25"
"02096960",2021-05-26,NA,NA,322,"2021","05","26"
"02096960",2021-05-27,NA,NA,279,"2021","05","27"
"02096960",2021-05-28,NA,NA,289,"2021","05","28"
"02096960",2021-05-29,NA,NA,291,"2021","05","29"
"02096960",2021-05-30,NA,NA,406,"2021","05","30"
"02096960",2021-05-31,NA,NA,633,"2021","05","31"
"02096960",2021-06-01,NA,NA,439,"2021","06","01"
"02096960",2021-06-02,NA,NA,353,"2021","06","02"
"02096960",2021-06-03,NA,NA,714,"2021","06","03"
"02096960",2021-06-04,NA,NA,961,"2021","06","04"
"02096960",2021-06-05,NA,NA,585,"2021","06","05"
"02096960",2021-06-06,NA,NA,459,"2021","06","06"
"02096960",2021-06-07,NA,NA,370,"2021","06","07"
"02096960",2021-06-08,NA,NA,391,"2021","06","08"
"02096960",2021-06-09,NA,NA,421,"2021","06","09"
"02096960",2021-06-10,NA,NA,753,"2021","06","10"
"02096960",2021-06-11,NA,NA,1160,"2021","06","11"
"02096960",2021-06-12,NA,NA,2140,"2021","06","12"
"02096960",2021-06-13,NA,NA,2000,"2021","06","13"
"02096960",2021-06-14,NA,NA,1080,"2021","06","14"
"02096960",2021-06-15,NA,NA,711,"2021","06","15"
"02096960",2021-06-16,NA,NA,532,"2021","06","16"
"02096960",2021-06-17,NA,NA,448,"2021","06","17"
"02096960",2021-06-18,NA,NA,333,"2021","06","18"
"02096960",2021-06-19,NA,NA,273,"2021","06","19"
"02096960",2021-06-20,NA,NA,275,"2021","06","20"
"02096960",2021-06-21,NA,NA,469,"2021","06","21"
"02096960",2021-06-22,NA,NA,415,"2021","06","22"
"02096960",2021-06-23,NA,NA,1330,"2021","06","23"
"02096960",2021-06-24,NA,NA,863,"2021","06","24"
"02096960",2021-06-25,NA,NA,501,"2021","06","25"
"02096960",2021-06-26,NA,NA,400,"2021","06","26"
"02096960",2021-06-27,NA,NA,330,"2021","06","27"
"02096960",2021-06-28,NA,NA,289,"2021","06","28"
"02096960",2021-06-29,NA,NA,260,"2021","06","29"
"02096960",2021-06-30,NA,NA,234,"2021","06","30"
"02096960",2021-07-01,NA,NA,224,"2021","07","01"
"02096960",2021-07-02,NA,NA,219,"2021","07","02"
"02096960",2021-07-03,NA,NA,812,"2021","07","03"
"02096960",2021-07-04,NA,NA,759,"2021","07","04"
"02096960",2021-07-05,NA,NA,687,"2021","07","05"
"02096960",2021-07-06,NA,NA,621,"2021","07","06"
"02096960",2021-07-07,NA,NA,508,"2021","07","07"
"02096960",2021-07-08,NA,NA,613,"2021","07","08"
"02096960",2021-07-09,NA,NA,1460,"2021","07","09"
"02096960",2021-07-10,NA,NA,1170,"2021","07","10"
"02096960",2021-07-11,NA,NA,601,"2021","07","11"
"02096960",2021-07-12,NA,NA,467,"2021","07","12"
"02096960",2021-07-13,NA,NA,407,"2021","07","13"
"02096960",2021-07-14,NA,NA,332,"2021","07","14"
"02096960",2021-07-15,NA,NA,638,"2021","07","15"
"02096960",2021-07-16,NA,NA,679,"2021","07","16"
"02096960",2021-07-17,NA,NA,500,"2021","07","17"
"02096960",2021-07-18,NA,NA,646,"2021","07","18"
"02096960",2021-07-19,NA,NA,2020,"2021","07","19"
"02096960",2021-07-20,NA,NA,4970,"2021","07","20"
"02096960",2021-07-21,NA,NA,1870,"2021","07","21"
"02096960",2021-07-22,NA,NA,1030,"2021","07","22"
"02096960",2021-07-23,NA,NA,646,"2021","07","23"
"02096960",2021-07-24,NA,NA,500,"2021","07","24"
"02096960",2021-07-25,NA,NA,452,"2021","07","25"
"02096960",2021-07-26,NA,NA,899,"2021","07","26"
"02096960",2021-07-27,NA,NA,669,"2021","07","27"
"02096960",2021-07-28,NA,NA,488,"2021","07","28"
"02096960",2021-07-29,NA,NA,396,"2021","07","29"
"02096960",2021-07-30,NA,NA,325,"2021","07","30"
"02096960",2021-07-31,NA,NA,266,"2021","07","31"
"02096960",2021-08-01,NA,NA,234,"2021","08","01"
"02096960",2021-08-02,NA,NA,234,"2021","08","02"
"02096960",2021-08-03,NA,NA,232,"2021","08","03"
"02096960",2021-08-04,NA,NA,238,"2021","08","04"
"02096960",2021-08-05,NA,NA,215,"2021","08","05"
"02096960",2021-08-06,NA,NA,194,"2021","08","06"
"02096960",2021-08-07,NA,NA,407,"2021","08","07"
"02096960",2021-08-08,NA,NA,1320,"2021","08","08"
"02096960",2021-08-09,NA,NA,666,"2021","08","09"
"02096960",2021-08-10,NA,NA,371,"2021","08","10"
"02096960",2021-08-11,NA,NA,279,"2021","08","11"
"02096960",2021-08-12,NA,NA,227,"2021","08","12"
"02096960",2021-08-13,NA,NA,274,"2021","08","13"
"02096960",2021-08-14,NA,NA,227,"2021","08","14"
"02096960",2021-08-15,NA,NA,1150,"2021","08","15"
"02096960",2021-08-16,NA,NA,2120,"2021","08","16"
"02096960",2021-08-17,NA,NA,1420,"2021","08","17"
"02096960",2021-08-18,NA,NA,1020,"2021","08","18"
"02096960",2021-08-19,NA,NA,1020,"2021","08","19"
"02096960",2021-08-20,NA,NA,1150,"2021","08","20"
"02096960",2021-08-21,NA,NA,1150,"2021","08","21"
"02096960",2021-08-22,NA,NA,712,"2021","08","22"
"02096960",2021-08-23,NA,NA,1910,"2021","08","23"
"02096960",2021-08-24,NA,NA,439,"2021","08","24"
"02096960",2021-08-25,NA,NA,322,"2021","08","25"
"02096960",2021-08-26,NA,NA,300,"2021","08","26"
"02096960",2021-08-27,NA,NA,241,"2021","08","27"
"02096960",2021-08-28,NA,NA,211,"2021","08","28"
"02096960",2021-08-29,NA,NA,205,"2021","08","29"
"02096960",2021-08-30,NA,NA,195,"2021","08","30"
"02096960",2021-08-31,NA,NA,179,"2021","08","31"
"02096960",2021-09-01,NA,NA,169,"2021","09","01"
"02096960",2021-09-02,NA,NA,201,"2021","09","02"
"02096960",2021-09-03,NA,NA,502,"2021","09","03"
"02096960",2021-09-04,NA,NA,278,"2021","09","04"
"02096960",2021-09-05,NA,NA,208,"2021","09","05"
"02096960",2021-09-06,NA,NA,169,"2021","09","06"
"02096960",2021-09-07,NA,NA,165,"2021","09","07"
"02096960",2021-09-08,NA,NA,163,"2021","09","08"
"02096960",2021-09-09,NA,NA,182,"2021","09","09"
"02096960",2021-09-10,NA,NA,168,"2021","09","10"
"02096960",2021-09-11,NA,NA,160,"2021","09","11"
"02096960",2021-09-12,NA,NA,140,"2021","09","12"
"02096960",2021-09-13,NA,NA,124,"2021","09","13"
"02096960",2021-09-14,NA,NA,130,"2021","09","14"
"02096960",2021-09-15,NA,NA,116,"2021","09","15"
"02096960",2021-09-16,NA,NA,127,"2021","09","16"
"02096960",2021-09-17,NA,NA,89.8,"2021","09","17"
"02096960",2021-09-18,NA,NA,117,"2021","09","18"
"02096960",2021-09-19,NA,NA,112,"2021","09","19"
"02096960",2021-09-20,NA,NA,108,"2021","09","20"
"02096960",2021-09-21,NA,NA,120,"2021","09","21"
"02096960",2021-09-22,NA,NA,338,"2021","09","22"
"02096960",2021-09-23,NA,NA,3890,"2021","09","23"
"02096960",2021-09-24,NA,NA,2040,"2021","09","24"
"02096960",2021-09-25,NA,NA,910,"2021","09","25"
"02096960",2021-09-26,NA,NA,565,"2021","09","26"
"02096960",2021-09-27,NA,NA,383,"2021","09","27"
"02096960",2021-09-28,NA,NA,280,"2021","09","28"
"02096960",2021-09-29,NA,NA,211,"2021","09","29"
"02096960",2021-09-30,NA,NA,282,"2021","09","30"
"02096960",2021-10-01,NA,NA,226,"2021","10","01"
"02096960",2021-10-02,NA,NA,185,"2021","10","02"
"02096960",2021-10-03,NA,NA,170,"2021","10","03"
"02096960",2021-10-04,NA,NA,158,"2021","10","04"
"02096960",2021-10-05,NA,NA,167,"2021","10","05"
"02096960",2021-10-06,NA,NA,180,"2021","10","06"
"02096960",2021-10-07,NA,NA,216,"2021","10","07"
"02096960",2021-10-08,NA,NA,226,"2021","10","08"
"02096960",2021-10-09,NA,NA,318,"2021","10","09"
"02096960",2021-10-10,NA,NA,528,"2021","10","10"
"02096960",2021-10-11,NA,NA,443,"2021","10","11"
"02096960",2021-10-12,NA,NA,293,"2021","10","12"
"02096960",2021-10-13,NA,NA,210,"2021","10","13"
"02096960",2021-10-14,NA,NA,227,"2021","10","14"
"02096960",2021-10-15,NA,NA,195,"2021","10","15"
"02096960",2021-10-16,NA,NA,161,"2021","10","16"
"02096960",2021-10-17,NA,NA,190,"2021","10","17"
"02096960",2021-10-18,NA,NA,166,"2021","10","18"
"02096960",2021-10-19,NA,NA,147,"2021","10","19"
"02096960",2021-10-20,NA,NA,142,"2021","10","20"
"02096960",2021-10-21,NA,NA,176,"2021","10","21"
"02096960",2021-10-22,NA,NA,140,"2021","10","22"
"02096960",2021-10-23,NA,NA,138,"2021","10","23"
"02096960",2021-10-24,NA,NA,130,"2021","10","24"
"02096960",2021-10-25,NA,NA,134,"2021","10","25"
"02096960",2021-10-26,NA,NA,293,"2021","10","26"
"02096960",2021-10-27,NA,NA,519,"2021","10","27"
"02096960",2021-10-28,NA,NA,317,"2021","10","28"
"02096960",2021-10-29,NA,NA,246,"2021","10","29"
"02096960",2021-10-30,NA,NA,552,"2021","10","30"
"02096960",2021-10-31,NA,NA,474,"2021","10","31"
"02096960",2021-11-01,NA,NA,340,"2021","11","01"
"02096960",2021-11-02,NA,NA,247,"2021","11","02"
"02096960",2021-11-03,NA,NA,209,"2021","11","03"
"02096960",2021-11-04,NA,NA,182,"2021","11","04"
"02096960",2021-11-05,NA,NA,172,"2021","11","05"
"02096960",2021-11-06,NA,NA,158,"2021","11","06"
"02096960",2021-11-07,NA,NA,154,"2021","11","07"
"02096960",2021-11-08,NA,NA,149,"2021","11","08"
"02096960",2021-11-09,NA,NA,148,"2021","11","09"
"02096960",2021-11-10,NA,NA,156,"2021","11","10"
"02096960",2021-11-11,NA,NA,158,"2021","11","11"
"02096960",2021-11-12,NA,NA,149,"2021","11","12"
"02096960",2021-11-13,NA,NA,150,"2021","11","13"
"02096960",2021-11-14,NA,NA,161,"2021","11","14"
"02096960",2021-11-15,NA,NA,164,"2021","11","15"
"02096960",2021-11-16,NA,NA,149,"2021","11","16"
"02096960",2021-11-17,NA,NA,143,"2021","11","17"
"02096960",2021-11-18,NA,NA,150,"2021","11","18"
"02096960",2021-11-19,NA,NA,156,"2021","11","19"
"02096960",2021-11-20,NA,NA,146,"2021","11","20"
"02096960",2021-11-21,NA,NA,144,"2021","11","21"
"02096960",2021-11-22,NA,NA,155,"2021","11","22"
"02096960",2021-11-23,NA,NA,179,"2021","11","23"
"02096960",2021-11-24,NA,NA,175,"2021","11","24"
"02096960",2021-11-25,NA,NA,178,"2021","11","25"
"02096960",2021-11-26,NA,NA,171,"2021","11","26"
"02096960",2021-11-27,NA,NA,160,"2021","11","27"
"02096960",2021-11-28,NA,NA,155,"2021","11","28"
"02096960",2021-11-29,NA,NA,157,"2021","11","29"
"02096960",2021-11-30,NA,NA,158,"2021","11","30"
"02096960",2021-12-01,NA,NA,164,"2021","12","01"
"02096960",2021-12-02,NA,NA,160,"2021","12","02"
"02096960",2021-12-03,NA,NA,162,"2021","12","03"
"02096960",2021-12-04,NA,NA,166,"2021","12","04"
"02096960",2021-12-05,NA,NA,168,"2021","12","05"
"02096960",2021-12-06,NA,NA,165,"2021","12","06"
"02096960",2021-12-07,NA,NA,162,"2021","12","07"
"02096960",2021-12-08,NA,NA,179,"2021","12","08"
"02096960",2021-12-09,NA,NA,181,"2021","12","09"
"02096960",2021-12-10,NA,NA,169,"2021","12","10"
"02096960",2021-12-11,NA,NA,176,"2021","12","11"
"02096960",2021-12-12,NA,NA,247,"2021","12","12"
"02096960",2021-12-13,NA,NA,445,"2021","12","13"
"02096960",2021-12-14,NA,NA,316,"2021","12","14"
"02096960",2021-12-15,NA,NA,233,"2021","12","15"
"02096960",2021-12-16,NA,NA,210,"2021","12","16"
"02096960",2021-12-17,NA,NA,196,"2021","12","17"
"02096960",2021-12-18,NA,NA,191,"2021","12","18"
"02096960",2021-12-19,NA,NA,229,"2021","12","19"
"02096960",2021-12-20,NA,NA,457,"2021","12","20"
"02096960",2021-12-21,NA,NA,527,"2021","12","21"
"02096960",2021-12-22,NA,NA,342,"2021","12","22"
"02096960",2021-12-23,NA,NA,325,"2021","12","23"
"02096960",2021-12-24,NA,NA,329,"2021","12","24"
"02096960",2021-12-25,NA,NA,299,"2021","12","25"
"02096960",2021-12-26,NA,NA,244,"2021","12","26"
"02096960",2021-12-27,NA,NA,232,"2021","12","27"
"02096960",2021-12-28,NA,NA,208,"2021","12","28"
"02096960",2021-12-29,NA,NA,202,"2021","12","29"
"02096960",2021-12-30,NA,NA,205,"2021","12","30"
"02096960",2021-12-31,NA,NA,213,"2021","12","31"
"02096960",2022-01-01,NA,NA,221,"2022","01","01"
"02096960",2022-01-02,NA,NA,233,"2022","01","02"
"02096960",2022-01-03,NA,NA,9250,"2022","01","03"
"02096960",2022-01-04,NA,NA,11200,"2022","01","04"
"02096960",2022-01-05,NA,NA,4800,"2022","01","05"
"02096960",2022-01-06,NA,NA,2820,"2022","01","06"
"02096960",2022-01-07,NA,NA,1830,"2022","01","07"
"02096960",2022-01-08,NA,NA,1380,"2022","01","08"
"02096960",2022-01-09,NA,NA,1110,"2022","01","09"
"02096960",2022-01-10,NA,NA,1500,"2022","01","10"
"02096960",2022-01-11,NA,NA,1790,"2022","01","11"
"02096960",2022-01-12,NA,NA,1130,"2022","01","12"
"02096960",2022-01-13,NA,NA,914,"2022","01","13"
"02096960",2022-01-14,NA,NA,909,"2022","01","14"
"02096960",2022-01-15,NA,NA,801,"2022","01","15"
"02096960",2022-01-16,NA,NA,724,"2022","01","16"
"02096960",2022-01-17,NA,NA,1120,"2022","01","17"
"02096960",2022-01-18,NA,NA,1430,"2022","01","18"
"02096960",2022-01-19,NA,NA,1330,"2022","01","19"
"02096960",2022-01-20,NA,NA,1560,"2022","01","20"
"02096960",2022-01-21,NA,NA,3010,"2022","01","21"
"02096960",2022-01-22,NA,NA,2420,"2022","01","22"
"02096960",2022-01-23,NA,NA,1700,"2022","01","23"
"02096960",2022-01-24,NA,NA,1380,"2022","01","24"
"02096960",2022-01-25,NA,NA,1140,"2022","01","25"
"02096960",2022-01-26,NA,NA,978,"2022","01","26"
"02096960",2022-01-27,NA,NA,850,"2022","01","27"
"02096960",2022-01-28,NA,NA,735,"2022","01","28"
"02096960",2022-01-29,NA,NA,726,"2022","01","29"
"02096960",2022-01-30,NA,NA,671,"2022","01","30"
"02096960",2022-01-31,NA,NA,624,"2022","01","31"
"02096960",2022-02-01,NA,NA,539,"2022","02","01"
"02096960",2022-02-02,NA,NA,501,"2022","02","02"
"02096960",2022-02-03,NA,NA,557,"2022","02","03"
"02096960",2022-02-04,NA,NA,1160,"2022","02","04"
"02096960",2022-02-05,NA,NA,1660,"2022","02","05"
"02096960",2022-02-06,NA,NA,1440,"2022","02","06"
"02096960",2022-02-07,NA,NA,1200,"2022","02","07"
"02096960",2022-02-08,NA,NA,1870,"2022","02","08"
"02096960",2022-02-09,NA,NA,1700,"2022","02","09"
"02096960",2022-02-10,NA,NA,1290,"2022","02","10"
"02096960",2022-02-11,NA,NA,1090,"2022","02","11"
"02096960",2022-02-12,NA,NA,842,"2022","02","12"
"02096960",2022-02-13,NA,NA,692,"2022","02","13"
"02096960",2022-02-14,NA,NA,623,"2022","02","14"
"02096960",2022-02-15,NA,NA,561,"2022","02","15"
"02096960",2022-02-16,NA,NA,506,"2022","02","16"
"02096960",2022-02-17,NA,NA,480,"2022","02","17"
"02096960",2022-02-18,NA,NA,490,"2022","02","18"
"02096960",2022-02-19,NA,NA,517,"2022","02","19"
"02096960",2022-02-20,NA,NA,554,"2022","02","20"
"02096960",2022-02-21,NA,NA,470,"2022","02","21"
"02096960",2022-02-22,NA,NA,424,"2022","02","22"
"02096960",2022-02-23,NA,NA,444,"2022","02","23"
"02096960",2022-02-24,NA,NA,2250,"2022","02","24"
"02096960",2022-02-25,NA,NA,4540,"2022","02","25"
"02096960",2022-02-26,NA,NA,3000,"2022","02","26"
"02096960",2022-02-27,NA,NA,1890,"2022","02","27"
"02096960",2022-02-28,NA,NA,1580,"2022","02","28"
"02096960",2022-03-01,NA,NA,1290,"2022","03","01"
"02096960",2022-03-02,NA,NA,982,"2022","03","02"
"02096960",2022-03-03,NA,NA,875,"2022","03","03"
"02096960",2022-03-04,NA,NA,836,"2022","03","04"
"02096960",2022-03-05,NA,NA,667,"2022","03","05"
"02096960",2022-03-06,NA,NA,566,"2022","03","06"
"02096960",2022-03-07,NA,NA,547,"2022","03","07"
"02096960",2022-03-08,NA,NA,560,"2022","03","08"
"02096960",2022-03-09,NA,NA,5250,"2022","03","09"
"02096960",2022-03-10,NA,NA,6730,"2022","03","10"
"02096960",2022-03-11,NA,NA,3070,"2022","03","11"
"02096960",2022-03-12,NA,NA,6650,"2022","03","12"
"02096960",2022-03-13,NA,NA,8860,"2022","03","13"
"02096960",2022-03-14,NA,NA,3940,"2022","03","14"
"02096960",2022-03-15,NA,NA,2420,"2022","03","15"
"02096960",2022-03-16,NA,NA,1990,"2022","03","16"
"02096960",2022-03-17,NA,NA,17000,"2022","03","17"
"02096960",2022-03-18,NA,NA,6920,"2022","03","18"
"02096960",2022-03-19,NA,NA,2940,"2022","03","19"
"02096960",2022-03-20,NA,NA,2010,"2022","03","20"
"02096960",2022-03-21,NA,NA,1460,"2022","03","21"
"02096960",2022-03-22,NA,NA,1140,"2022","03","22"
"02096960",2022-03-23,NA,NA,976,"2022","03","23"
"02096960",2022-03-24,NA,NA,1410,"2022","03","24"
"02096960",2022-03-25,NA,NA,1590,"2022","03","25"
"02096960",2022-03-26,NA,NA,1170,"2022","03","26"
"02096960",2022-03-27,NA,NA,907,"2022","03","27"
"02096960",2022-03-28,NA,NA,751,"2022","03","28"
"02096960",2022-03-29,NA,NA,661,"2022","03","29"
"02096960",2022-03-30,NA,NA,607,"2022","03","30"
"02096960",2022-03-31,NA,NA,681,"2022","03","31"
"02096960",2022-04-01,NA,NA,3010,"2022","04","01"
"02096960",2022-04-02,NA,NA,1810,"2022","04","02"
"02096960",2022-04-03,NA,NA,1070,"2022","04","03"
"02096960",2022-04-04,NA,NA,808,"2022","04","04"
"02096960",2022-04-05,NA,NA,706,"2022","04","05"
"02096960",2022-04-06,NA,NA,1040,"2022","04","06"
"02096960",2022-04-07,NA,NA,1240,"2022","04","07"
"02096960",2022-04-08,NA,NA,1030,"2022","04","08"
"02096960",2022-04-09,NA,NA,933,"2022","04","09"
"02096960",2022-04-10,NA,NA,713,"2022","04","10"
"02096960",2022-04-11,NA,NA,609,"2022","04","11"
"02096960",2022-04-12,NA,NA,563,"2022","04","12"
"02096960",2022-04-13,NA,NA,522,"2022","04","13"
"02096960",2022-04-14,NA,NA,502,"2022","04","14"
"02096960",2022-04-15,NA,NA,480,"2022","04","15"
"02096960",2022-04-16,NA,NA,445,"2022","04","16"
"02096960",2022-04-17,NA,NA,436,"2022","04","17"
"02096960",2022-04-18,NA,NA,1780,"2022","04","18"
"02096960",2022-04-19,NA,NA,6530,"2022","04","19"
"02096960",2022-04-20,NA,NA,2850,"2022","04","20"
"02096960",2022-04-21,NA,NA,1830,"2022","04","21"
"02096960",2022-04-22,NA,NA,1270,"2022","04","22"
"02096960",2022-04-23,NA,NA,915,"2022","04","23"
"02096960",2022-04-24,NA,NA,740,"2022","04","24"
"02096960",2022-04-25,NA,NA,623,"2022","04","25"
"02096960",2022-04-26,NA,NA,546,"2022","04","26"
"02096960",2022-04-27,NA,NA,632,"2022","04","27"
"02096960",2022-04-28,NA,NA,570,"2022","04","28"
"02096960",2022-04-29,NA,NA,437,"2022","04","29"
"02096960",2022-04-30,NA,NA,379,"2022","04","30"
"02096960",2022-05-01,NA,NA,359,"2022","05","01"
"02096960",2022-05-02,NA,NA,506,"2022","05","02"
"02096960",2022-05-03,NA,NA,634,"2022","05","03"
"02096960",2022-05-04,NA,NA,418,"2022","05","04"
"02096960",2022-05-05,NA,NA,361,"2022","05","05"
"02096960",2022-05-06,NA,NA,336,"2022","05","06"
"02096960",2022-05-07,NA,NA,416,"2022","05","07"
"02096960",2022-05-08,NA,NA,1240,"2022","05","08"
"02096960",2022-05-09,NA,NA,1300,"2022","05","09"
"02096960",2022-05-10,NA,NA,838,"2022","05","10"
"02096960",2022-05-11,NA,NA,563,"2022","05","11"
"02096960",2022-05-12,NA,NA,416,"2022","05","12"
"02096960",2022-05-13,NA,NA,363,"2022","05","13"
"02096960",2022-05-14,NA,NA,335,"2022","05","14"
"02096960",2022-05-15,NA,NA,497,"2022","05","15"
"02096960",2022-05-16,NA,NA,524,"2022","05","16"
"02096960",2022-05-17,NA,NA,434,"2022","05","17"
"02096960",2022-05-18,NA,NA,448,"2022","05","18"
"02096960",2022-05-19,NA,NA,399,"2022","05","19"
"02096960",2022-05-20,NA,NA,358,"2022","05","20"
"02096960",2022-05-21,NA,NA,319,"2022","05","21"
"02096960",2022-05-22,NA,NA,257,"2022","05","22"
"02096960",2022-05-23,NA,NA,275,"2022","05","23"
"02096960",2022-05-24,NA,NA,4330,"2022","05","24"
"02096960",2022-05-25,NA,NA,2860,"2022","05","25"
"02096960",2022-05-26,NA,NA,1560,"2022","05","26"
"02096960",2022-05-27,NA,NA,1980,"2022","05","27"
"02096960",2022-05-28,NA,NA,3370,"2022","05","28"
"02096960",2022-05-29,NA,NA,1640,"2022","05","29"
"02096960",2022-05-30,NA,NA,1020,"2022","05","30"
"02096960",2022-05-31,NA,NA,658,"2022","05","31"
"02096960",2022-06-01,NA,NA,543,"2022","06","01"
"02096960",2022-06-02,NA,NA,437,"2022","06","02"
"02096960",2022-06-03,NA,NA,349,"2022","06","03"
"02096960",2022-06-04,NA,NA,279,"2022","06","04"
"02096960",2022-06-05,NA,NA,269,"2022","06","05"
"02096960",2022-06-06,NA,NA,225,"2022","06","06"
"02096960",2022-06-07,NA,NA,212,"2022","06","07"
"02096960",2022-06-08,NA,NA,201,"2022","06","08"
"02096960",2022-06-09,NA,NA,260,"2022","06","09"
"02096960",2022-06-10,NA,NA,218,"2022","06","10"
"02096960",2022-06-11,NA,NA,195,"2022","06","11"
"02096960",2022-06-12,NA,NA,169,"2022","06","12"
"02096960",2022-06-13,NA,NA,159,"2022","06","13"
"02096960",2022-06-14,NA,NA,149,"2022","06","14"
"02096960",2022-06-15,NA,NA,143,"2022","06","15"
"02096960",2022-06-16,NA,NA,145,"2022","06","16"
"02096960",2022-06-17,NA,NA,184,"2022","06","17"
"02096960",2022-06-18,NA,NA,596,"2022","06","18"
"02096960",2022-06-19,NA,NA,300,"2022","06","19"
"02096960",2022-06-20,NA,NA,210,"2022","06","20"
"02096960",2022-06-21,NA,NA,159,"2022","06","21"
"02096960",2022-06-22,NA,NA,142,"2022","06","22"
"02096960",2022-06-23,NA,NA,124,"2022","06","23"
"02096960",2022-06-24,NA,NA,115,"2022","06","24"
"02096960",2022-06-25,NA,NA,104,"2022","06","25"
"02096960",2022-06-26,NA,NA,98.7,"2022","06","26"
"02096960",2022-06-27,NA,NA,109,"2022","06","27"
"02096960",2022-06-28,NA,NA,112,"2022","06","28"
"02096960",2022-06-29,NA,NA,173,"2022","06","29"
"02096960",2022-06-30,NA,NA,169,"2022","06","30"
"02096960",2022-07-01,NA,NA,109,"2022","07","01"
"02096960",2022-07-02,NA,NA,96.2,"2022","07","02"
"02096960",2022-07-03,NA,NA,88.9,"2022","07","03"
"02096960",2022-07-04,NA,NA,81.8,"2022","07","04"
"02096960",2022-07-05,NA,NA,77.9,"2022","07","05"
"02096960",2022-07-06,NA,NA,80.5,"2022","07","06"
"02096960",2022-07-07,NA,NA,195,"2022","07","07"
"02096960",2022-07-08,NA,NA,228,"2022","07","08"
"02096960",2022-07-09,NA,NA,178,"2022","07","09"
"02096960",2022-07-10,NA,NA,426,"2022","07","10"
"02096960",2022-07-11,NA,NA,389,"2022","07","11"
"02096960",2022-07-12,NA,NA,298,"2022","07","12"
"02096960",2022-07-13,NA,NA,208,"2022","07","13"
"02096960",2022-07-14,NA,NA,1090,"2022","07","14"
"02096960",2022-07-15,NA,NA,1460,"2022","07","15"
"02096960",2022-07-16,NA,NA,524,"2022","07","16"
"02096960",2022-07-17,NA,NA,378,"2022","07","17"
"02096960",2022-07-18,NA,NA,557,"2022","07","18"
"02096960",2022-07-19,NA,NA,291,"2022","07","19"
"02096960",2022-07-20,NA,NA,225,"2022","07","20"
"02096960",2022-07-21,NA,NA,180,"2022","07","21"
"02096960",2022-07-22,NA,NA,632,"2022","07","22"
"02096960",2022-07-23,NA,NA,645,"2022","07","23"
"02096960",2022-07-24,NA,NA,429,"2022","07","24"
"02096960",2022-07-25,NA,NA,387,"2022","07","25"
"02096960",2022-07-26,NA,NA,286,"2022","07","26"
"02096960",2022-07-27,NA,NA,339,"2022","07","27"
"02096960",2022-07-28,NA,NA,1120,"2022","07","28"
"02096960",2022-07-29,NA,NA,505,"2022","07","29"
"02096960",2022-07-30,NA,NA,305,"2022","07","30"
"02096960",2022-07-31,NA,NA,358,"2022","07","31"
"02096960",2022-08-01,NA,NA,467,"2022","08","01"
"02096960",2022-08-02,NA,NA,268,"2022","08","02"
"02096960",2022-08-03,NA,NA,199,"2022","08","03"
"02096960",2022-08-04,NA,NA,206,"2022","08","04"
"02096960",2022-08-05,NA,NA,161,"2022","08","05"
"02096960",2022-08-06,NA,NA,121,"2022","08","06"
"02096960",2022-08-07,NA,NA,110,"2022","08","07"
"02096960",2022-08-08,NA,NA,118,"2022","08","08"
"02096960",2022-08-09,NA,NA,150,"2022","08","09"
"02096960",2022-08-10,NA,NA,124,"2022","08","10"
"02096960",2022-08-11,NA,NA,236,"2022","08","11"
"02096960",2022-08-12,NA,NA,308,"2022","08","12"
"02096960",2022-08-13,NA,NA,185,"2022","08","13"
"02096960",2022-08-14,NA,NA,120,"2022","08","14"
"02096960",2022-08-15,NA,NA,108,"2022","08","15"
"02096960",2022-08-16,NA,NA,94.4,"2022","08","16"
"02096960",2022-08-17,NA,NA,146,"2022","08","17"
"02096960",2022-08-18,NA,NA,131,"2022","08","18"
"02096960",2022-08-19,NA,NA,99.7,"2022","08","19"
"02096960",2022-08-20,NA,NA,103,"2022","08","20"
"02096960",2022-08-21,NA,NA,83.5,"2022","08","21"
"02096960",2022-08-22,NA,NA,151,"2022","08","22"
"02096960",2022-08-23,NA,NA,1960,"2022","08","23"
"02096960",2022-08-24,NA,NA,1030,"2022","08","24"
"02096960",2022-08-25,NA,NA,701,"2022","08","25"
"02096960",2022-08-26,NA,NA,450,"2022","08","26"
"02096960",2022-08-27,NA,NA,288,"2022","08","27"
"02096960",2022-08-28,NA,NA,238,"2022","08","28"
"02096960",2022-08-29,NA,NA,229,"2022","08","29"
"02096960",2022-08-30,NA,NA,162,"2022","08","30"
"02096960",2022-08-31,NA,NA,132,"2022","08","31"
"02096960",2022-09-01,NA,NA,119,"2022","09","01"
"02096960",2022-09-02,NA,NA,130,"2022","09","02"
"02096960",2022-09-03,NA,NA,108,"2022","09","03"
"02096960",2022-09-04,NA,NA,97.8,"2022","09","04"
"02096960",2022-09-05,NA,NA,111,"2022","09","05"
"02096960",2022-09-06,NA,NA,199,"2022","09","06"
"02096960",2022-09-07,NA,NA,552,"2022","09","07"
"02096960",2022-09-08,NA,NA,568,"2022","09","08"
"02096960",2022-09-09,NA,NA,397,"2022","09","09"
"02096960",2022-09-10,NA,NA,247,"2022","09","10"
"02096960",2022-09-11,NA,NA,721,"2022","09","11"
"02096960",2022-09-12,NA,NA,877,"2022","09","12"
"02096960",2022-09-13,NA,NA,786,"2022","09","13"
"02096960",2022-09-14,NA,NA,523,"2022","09","14"
"02096960",2022-09-15,NA,NA,327,"2022","09","15"
"02096960",2022-09-16,NA,NA,213,"2022","09","16"
"02096960",2022-09-17,NA,NA,166,"2022","09","17"
"02096960",2022-09-18,NA,NA,138,"2022","09","18"
"02096960",2022-09-19,NA,NA,118,"2022","09","19"
"02096960",2022-09-20,NA,NA,111,"2022","09","20"
"02096960",2022-09-21,NA,NA,109,"2022","09","21"
"02096960",2022-09-22,NA,NA,105,"2022","09","22"
"02096960",2022-09-23,NA,NA,95.8,"2022","09","23"
"02096960",2022-09-24,NA,NA,84.6,"2022","09","24"
"02096960",2022-09-25,NA,NA,77.9,"2022","09","25"
"02096960",2022-09-26,NA,NA,74.9,"2022","09","26"
"02096960",2022-09-27,NA,NA,97.7,"2022","09","27"
"02096960",2022-09-28,NA,NA,122,"2022","09","28"
"02096960",2022-09-29,NA,NA,94.9,"2022","09","29"
"02096960",2022-09-30,NA,NA,118,"2022","09","30"
"02096960",2022-10-01,NA,NA,2140,"2022","10","01"
"02096960",2022-10-02,NA,NA,2460,"2022","10","02"
"02096960",2022-10-03,NA,NA,1140,"2022","10","03"
"02096960",2022-10-04,NA,NA,716,"2022","10","04"
"02096960",2022-10-05,NA,NA,490,"2022","10","05"
"02096960",2022-10-06,NA,NA,328,"2022","10","06"
"02096960",2022-10-07,NA,NA,240,"2022","10","07"
"02096960",2022-10-08,NA,NA,191,"2022","10","08"
"02096960",2022-10-09,NA,NA,159,"2022","10","09"
"02096960",2022-10-10,NA,NA,131,"2022","10","10"
"02096960",2022-10-11,NA,NA,120,"2022","10","11"
"02096960",2022-10-12,NA,NA,115,"2022","10","12"
"02096960",2022-10-13,NA,NA,120,"2022","10","13"
"02096960",2022-10-14,NA,NA,114,"2022","10","14"
"02096960",2022-10-15,NA,NA,106,"2022","10","15"
"02096960",2022-10-16,NA,NA,120,"2022","10","16"
"02096960",2022-10-17,NA,NA,115,"2022","10","17"
"02096960",2022-10-18,NA,NA,293,"2022","10","18"
"02096960",2022-10-19,NA,NA,358,"2022","10","19"
"02096960",2022-10-20,NA,NA,207,"2022","10","20"
"02096960",2022-10-21,NA,NA,157,"2022","10","21"
"02096960",2022-10-22,NA,NA,143,"2022","10","22"
"02096960",2022-10-23,NA,NA,134,"2022","10","23"
"02096960",2022-10-24,NA,NA,123,"2022","10","24"
"02096960",2022-10-25,NA,NA,117,"2022","10","25"
"02096960",2022-10-26,NA,NA,124,"2022","10","26"
"02096960",2022-10-27,NA,NA,121,"2022","10","27"
"02096960",2022-10-28,NA,NA,118,"2022","10","28"
"02096960",2022-10-29,NA,NA,111,"2022","10","29"
"02096960",2022-10-30,NA,NA,109,"2022","10","30"
"02096960",2022-10-31,NA,NA,115,"2022","10","31"
"02096960",2022-11-01,NA,NA,133,"2022","11","01"
"02096960",2022-11-02,NA,NA,214,"2022","11","02"
"02096960",2022-11-03,NA,NA,228,"2022","11","03"
"02096960",2022-11-04,NA,NA,150,"2022","11","04"
"02096960",2022-11-05,NA,NA,139,"2022","11","05"
"02096960",2022-11-06,NA,NA,124,"2022","11","06"
"02096960",2022-11-07,NA,NA,123,"2022","11","07"
"02096960",2022-11-08,NA,NA,124,"2022","11","08"
"02096960",2022-11-09,NA,NA,133,"2022","11","09"
"02096960",2022-11-10,NA,NA,133,"2022","11","10"
"02096960",2022-11-11,NA,NA,266,"2022","11","11"
"02096960",2022-11-12,NA,NA,1780,"2022","11","12"
"02096960",2022-11-13,NA,NA,1050,"2022","11","13"
"02096960",2022-11-14,NA,NA,577,"2022","11","14"
"02096960",2022-11-15,NA,NA,494,"2022","11","15"
"02096960",2022-11-16,NA,NA,719,"2022","11","16"
"02096960",2022-11-17,NA,NA,1070,"2022","11","17"
"02096960",2022-11-18,NA,NA,771,"2022","11","18"
"02096960",2022-11-19,NA,NA,594,"2022","11","19"
"02096960",2022-11-20,NA,NA,422,"2022","11","20"
"02096960",2022-11-21,NA,NA,323,"2022","11","21"
"02096960",2022-11-22,NA,NA,271,"2022","11","22"
"02096960",2022-11-23,NA,NA,229,"2022","11","23"
"02096960",2022-11-24,NA,NA,205,"2022","11","24"
"02096960",2022-11-25,NA,NA,311,"2022","11","25"
"02096960",2022-11-26,NA,NA,873,"2022","11","26"
"02096960",2022-11-27,NA,NA,1410,"2022","11","27"
"02096960",2022-11-28,NA,NA,3860,"2022","11","28"
"02096960",2022-11-29,NA,NA,1890,"2022","11","29"
"02096960",2022-11-30,NA,NA,1470,"2022","11","30"
"02096960",2022-12-01,NA,NA,3780,"2022","12","01"
"02096960",2022-12-02,NA,NA,1900,"2022","12","02"
"02096960",2022-12-03,NA,NA,1250,"2022","12","03"
"02096960",2022-12-04,NA,NA,945,"2022","12","04"
"02096960",2022-12-05,NA,NA,829,"2022","12","05"
"02096960",2022-12-06,NA,NA,706,"2022","12","06"
"02096960",2022-12-07,NA,NA,649,"2022","12","07"
"02096960",2022-12-08,NA,NA,874,"2022","12","08"
"02096960",2022-12-09,NA,NA,896,"2022","12","09"
"02096960",2022-12-10,NA,NA,915,"2022","12","10"
"02096960",2022-12-11,NA,NA,806,"2022","12","11"
"02096960",2022-12-12,NA,NA,627,"2022","12","12"
"02096960",2022-12-13,NA,NA,532,"2022","12","13"
"02096960",2022-12-14,NA,NA,475,"2022","12","14"
"02096960",2022-12-15,NA,NA,3370,"2022","12","15"
"02096960",2022-12-16,NA,NA,8830,"2022","12","16"
"02096960",2022-12-17,NA,NA,3340,"2022","12","17"
"02096960",2022-12-18,NA,NA,1890,"2022","12","18"
"02096960",2022-12-19,NA,NA,1260,"2022","12","19"
"02096960",2022-12-20,NA,NA,947,"2022","12","20"
"02096960",2022-12-21,NA,NA,785,"2022","12","21"
"02096960",2022-12-22,NA,NA,1080,"2022","12","22"
"02096960",2022-12-23,NA,NA,5460,"2022","12","23"
"02096960",2022-12-24,NA,NA,3230,"2022","12","24"
"02096960",2022-12-25,NA,NA,1980,"2022","12","25"
"02096960",2022-12-26,NA,NA,1410,"2022","12","26"
"02096960",2022-12-27,NA,NA,1100,"2022","12","27"
"02096960",2022-12-28,NA,NA,872,"2022","12","28"
"02096960",2022-12-29,NA,NA,713,"2022","12","29"
"02096960",2022-12-30,NA,NA,622,"2022","12","30"
"02096960",2022-12-31,NA,NA,580,"2022","12","31"
"02096960",2023-01-01,NA,NA,1020,"2023","01","01"
"02096960",2023-01-02,NA,NA,1260,"2023","01","02"
"02096960",2023-01-03,NA,NA,890,"2023","01","03"
"02096960",2023-01-04,NA,NA,918,"2023","01","04"
"02096960",2023-01-05,NA,NA,4210,"2023","01","05"
"02096960",2023-01-06,NA,NA,2500,"2023","01","06"
"02096960",2023-01-07,NA,NA,1630,"2023","01","07"
"02096960",2023-01-08,NA,NA,1170,"2023","01","08"
"02096960",2023-01-09,NA,NA,972,"2023","01","09"
"02096960",2023-01-10,NA,NA,975,"2023","01","10"
"02096960",2023-01-11,NA,NA,813,"2023","01","11"
"02096960",2023-01-12,NA,NA,709,"2023","01","12"
"02096960",2023-01-13,NA,NA,2290,"2023","01","13"
"02096960",2023-01-14,NA,NA,3520,"2023","01","14"
"02096960",2023-01-15,NA,NA,2430,"2023","01","15"
"02096960",2023-01-16,NA,NA,1650,"2023","01","16"
"02096960",2023-01-17,NA,NA,1230,"2023","01","17"
"02096960",2023-01-18,NA,NA,1050,"2023","01","18"
"02096960",2023-01-19,NA,NA,1040,"2023","01","19"
"02096960",2023-01-20,NA,NA,842,"2023","01","20"
"02096960",2023-01-21,NA,NA,713,"2023","01","21"
"02096960",2023-01-22,NA,NA,660,"2023","01","22"
"02096960",2023-01-23,NA,NA,2800,"2023","01","23"
"02096960",2023-01-24,NA,NA,3040,"2023","01","24"
"02096960",2023-01-25,NA,NA,2260,"2023","01","25"
"02096960",2023-01-26,NA,NA,7420,"2023","01","26"
"02096960",2023-01-27,NA,NA,3360,"2023","01","27"
"02096960",2023-01-28,NA,NA,2050,"2023","01","28"
"02096960",2023-01-29,NA,NA,1640,"2023","01","29"
"02096960",2023-01-30,NA,NA,1420,"2023","01","30"
"02096960",2023-01-31,NA,NA,1600,"2023","01","31"
"02096960",2023-02-01,NA,NA,1400,"2023","02","01"
"02096960",2023-02-02,NA,NA,1660,"2023","02","02"
"02096960",2023-02-03,NA,NA,3200,"2023","02","03"
"02096960",2023-02-04,NA,NA,2130,"2023","02","04"
"02096960",2023-02-05,NA,NA,1470,"2023","02","05"
"02096960",2023-02-06,NA,NA,1270,"2023","02","06"
"02096960",2023-02-07,NA,NA,985,"2023","02","07"
"02096960",2023-02-08,NA,NA,849,"2023","02","08"
"02096960",2023-02-09,NA,NA,773,"2023","02","09"
"02096960",2023-02-10,NA,NA,741,"2023","02","10"
"02096960",2023-02-11,NA,NA,732,"2023","02","11"
"02096960",2023-02-12,NA,NA,4000,"2023","02","12"
"02096960",2023-02-13,NA,NA,8900,"2023","02","13"
"02096960",2023-02-14,NA,NA,4000,"2023","02","14"
"02096960",2023-02-15,NA,NA,2410,"2023","02","15"
"02096960",2023-02-16,NA,NA,1710,"2023","02","16"
"02096960",2023-02-17,NA,NA,1350,"2023","02","17"
"02096960",2023-02-18,NA,NA,2600,"2023","02","18"
"02096960",2023-02-19,NA,NA,1940,"2023","02","19"
"02096960",2023-02-20,NA,NA,1530,"2023","02","20"
"02096960",2023-02-21,NA,NA,1300,"2023","02","21"
"02096960",2023-02-22,NA,NA,1020,"2023","02","22"
"02096960",2023-02-23,NA,NA,894,"2023","02","23"
"02096960",2023-02-24,NA,NA,931,"2023","02","24"
"02096960",2023-02-25,NA,NA,900,"2023","02","25"
"02096960",2023-02-26,NA,NA,747,"2023","02","26"
"02096960",2023-02-27,NA,NA,700,"2023","02","27"
"02096960",2023-02-28,NA,NA,689,"2023","02","28"
"02096960",2023-03-01,NA,NA,772,"2023","03","01"
"02096960",2023-03-02,NA,NA,1710,"2023","03","02"
"02096960",2023-03-03,NA,NA,3750,"2023","03","03"
"02096960",2023-03-04,NA,NA,2060,"2023","03","04"
"02096960",2023-03-05,NA,NA,1760,"2023","03","05"
"02096960",2023-03-06,NA,NA,1180,"2023","03","06"
"02096960",2023-03-07,NA,NA,997,"2023","03","07"
"02096960",2023-03-08,NA,NA,859,"2023","03","08"
"02096960",2023-03-09,NA,NA,760,"2023","03","09"
"02096960",2023-03-10,NA,NA,744,"2023","03","10"
"02096960",2023-03-11,NA,NA,746,"2023","03","11"
"02096960",2023-03-12,NA,NA,742,"2023","03","12"
"02096960",2023-03-13,NA,NA,836,"2023","03","13"
"02096960",2023-03-14,NA,NA,943,"2023","03","14"
"02096960",2023-03-15,NA,NA,737,"2023","03","15"
"02096960",2023-03-16,NA,NA,655,"2023","03","16"
"02096960",2023-03-17,NA,NA,673,"2023","03","17"
"02096960",2023-03-18,NA,NA,947,"2023","03","18"
"02096960",2023-03-19,NA,NA,1430,"2023","03","19"
"02096960",2023-03-20,NA,NA,911,"2023","03","20"
"02096960",2023-03-21,NA,NA,738,"2023","03","21"
"02096960",2023-03-22,NA,NA,677,"2023","03","22"
"02096960",2023-03-23,NA,NA,724,"2023","03","23"
"02096960",2023-03-24,NA,NA,658,"2023","03","24"
"02096960",2023-03-25,NA,NA,622,"2023","03","25"
"02096960",2023-03-26,NA,NA,647,"2023","03","26"
"02096960",2023-03-27,NA,NA,961,"2023","03","27"
"02096960",2023-03-28,NA,NA,1300,"2023","03","28"
"02096960",2023-03-29,NA,NA,1020,"2023","03","29"
"02096960",2023-03-30,NA,NA,892,"2023","03","30"
"02096960",2023-03-31,NA,NA,718,"2023","03","31"
"02096960",2023-04-01,NA,NA,647,"2023","04","01"
"02096960",2023-04-02,NA,NA,842,"2023","04","02"
"02096960",2023-04-03,NA,NA,897,"2023","04","03"
"02096960",2023-04-04,NA,NA,682,"2023","04","04"
"02096960",2023-04-05,NA,NA,608,"2023","04","05"
"02096960",2023-04-06,NA,NA,559,"2023","04","06"
"02096960",2023-04-07,NA,NA,6930,"2023","04","07"
"02096960",2023-04-08,NA,NA,13300,"2023","04","08"
"02096960",2023-04-09,NA,NA,12500,"2023","04","09"
"02096960",2023-04-10,NA,NA,4930,"2023","04","10"
"02096960",2023-04-11,NA,NA,2750,"2023","04","11"
"02096960",2023-04-12,NA,NA,1840,"2023","04","12"
"02096960",2023-04-13,NA,NA,1320,"2023","04","13"
"02096960",2023-04-14,NA,NA,1310,"2023","04","14"
"02096960",2023-04-15,NA,NA,2820,"2023","04","15"
"02096960",2023-04-16,NA,NA,2120,"2023","04","16"
"02096960",2023-04-17,NA,NA,1430,"2023","04","17"
"02096960",2023-04-18,NA,NA,1090,"2023","04","18"
"02096960",2023-04-19,NA,NA,826,"2023","04","19"
"02096960",2023-04-20,NA,NA,703,"2023","04","20"
"02096960",2023-04-21,NA,NA,600,"2023","04","21"
"02096960",2023-04-22,NA,NA,632,"2023","04","22"
"02096960",2023-04-23,NA,NA,1210,"2023","04","23"
"02096960",2023-04-24,NA,NA,880,"2023","04","24"
"02096960",2023-04-25,NA,NA,688,"2023","04","25"
"02096960",2023-04-26,NA,NA,569,"2023","04","26"
"02096960",2023-04-27,NA,NA,508,"2023","04","27"
"02096960",2023-04-28,NA,NA,884,"2023","04","28"
"02096960",2023-04-29,NA,NA,4750,"2023","04","29"
"02096960",2023-04-30,NA,NA,4190,"2023","04","30"
"02096960",2023-05-01,NA,NA,3780,"2023","05","01"
"02096960",2023-05-02,NA,NA,2080,"2023","05","02"
"02096960",2023-05-03,NA,NA,1420,"2023","05","03"
"02096960",2023-05-04,NA,NA,1020,"2023","05","04"
"02096960",2023-05-05,NA,NA,762,"2023","05","05"
"02096960",2023-05-06,NA,NA,619,"2023","05","06"
"02096960",2023-05-07,NA,NA,550,"2023","05","07"
"02096960",2023-05-08,NA,NA,507,"2023","05","08"
"02096960",2023-05-09,NA,NA,470,"2023","05","09"
"02096960",2023-05-10,NA,NA,455,"2023","05","10"
"02096960",2023-05-11,NA,NA,491,"2023","05","11"
"02096960",2023-05-12,NA,NA,413,"2023","05","12"
"02096960",2023-05-13,NA,NA,373,"2023","05","13"
"02096960",2023-05-14,NA,NA,892,"2023","05","14"
"02096960",2023-05-15,NA,NA,605,"2023","05","15"
"02096960",2023-05-16,NA,NA,482,"2023","05","16"
"02096960",2023-05-17,NA,NA,513,"2023","05","17"
"02096960",2023-05-18,NA,NA,403,"2023","05","18"
"02096960",2023-05-19,NA,NA,454,"2023","05","19"
"02096960",2023-05-20,NA,NA,378,"2023","05","20"
"02096960",2023-05-21,NA,NA,339,"2023","05","21"
"02096960",2023-05-22,NA,NA,314,"2023","05","22"
"02096960",2023-05-23,NA,NA,287,"2023","05","23"
"02096960",2023-05-24,NA,NA,279,"2023","05","24"
"02096960",2023-05-25,NA,NA,256,"2023","05","25"
"02096960",2023-05-26,NA,NA,247,"2023","05","26"
"02096960",2023-05-27,NA,NA,246,"2023","05","27"
"02096960",2023-05-28,NA,NA,268,"2023","05","28"
"02096960",2023-05-29,NA,NA,335,"2023","05","29"
"02096960",2023-05-30,NA,NA,932,"2023","05","30"
"02096960",2023-05-31,NA,NA,667,"2023","05","31"
"02096960",2023-06-01,NA,NA,695,"2023","06","01"
"02096960",2023-06-02,NA,NA,618,"2023","06","02"
"02096960",2023-06-03,NA,NA,449,"2023","06","03"
"02096960",2023-06-04,NA,NA,348,"2023","06","04"
"02096960",2023-06-05,NA,NA,302,"2023","06","05"
"02096960",2023-06-06,NA,NA,260,"2023","06","06"
"02096960",2023-06-07,NA,NA,245,"2023","06","07"
"02096960",2023-06-08,NA,NA,240,"2023","06","08"
"02096960",2023-06-09,NA,NA,240,"2023","06","09"
"02096960",2023-06-10,NA,NA,243,"2023","06","10"
"02096960",2023-06-11,NA,NA,206,"2023","06","11"
"02096960",2023-06-12,NA,NA,192,"2023","06","12"
"02096960",2023-06-13,NA,NA,185,"2023","06","13"
"02096960",2023-06-14,NA,NA,193,"2023","06","14"
"02096960",2023-06-15,NA,NA,187,"2023","06","15"
"02096960",2023-06-16,NA,NA,182,"2023","06","16"
"02096960",2023-06-17,NA,NA,182,"2023","06","17"
"02096960",2023-06-18,NA,NA,168,"2023","06","18"
"02096960",2023-06-19,NA,NA,177,"2023","06","19"
"02096960",2023-06-20,NA,NA,1110,"2023","06","20"
"02096960",2023-06-21,NA,NA,1710,"2023","06","21"
"02096960",2023-06-22,NA,NA,1520,"2023","06","22"
"02096960",2023-06-23,NA,NA,5790,"2023","06","23"
"02096960",2023-06-24,NA,NA,4330,"2023","06","24"
"02096960",2023-06-25,NA,NA,1700,"2023","06","25"
"02096960",2023-06-26,NA,NA,1060,"2023","06","26"
"02096960",2023-06-27,NA,NA,693,"2023","06","27"
"02096960",2023-06-28,NA,NA,524,"2023","06","28"
"02096960",2023-06-29,NA,NA,429,"2023","06","29"
"02096960",2023-06-30,NA,NA,342,"2023","06","30"
"02096960",2023-07-01,NA,NA,307,"2023","07","01"
"02096960",2023-07-02,NA,NA,1470,"2023","07","02"
"02096960",2023-07-03,NA,NA,803,"2023","07","03"
"02096960",2023-07-04,NA,NA,484,"2023","07","04"
"02096960",2023-07-05,NA,NA,348,"2023","07","05"
"02096960",2023-07-06,NA,NA,268,"2023","07","06"
"02096960",2023-07-07,NA,NA,274,"2023","07","07"
"02096960",2023-07-08,NA,NA,254,"2023","07","08"
"02096960",2023-07-09,NA,NA,3200,"2023","07","09"
"02096960",2023-07-10,NA,NA,4420,"2023","07","10"
"02096960",2023-07-11,NA,NA,1510,"2023","07","11"
"02096960",2023-07-12,NA,NA,885,"2023","07","12"
"02096960",2023-07-13,NA,NA,594,"2023","07","13"
"02096960",2023-07-14,NA,NA,907,"2023","07","14"
"02096960",2023-07-15,NA,NA,1210,"2023","07","15"
"02096960",2023-07-16,NA,NA,758,"2023","07","16"
"02096960",2023-07-17,NA,NA,511,"2023","07","17"
"02096960",2023-07-18,NA,NA,364,"2023","07","18"
"02096960",2023-07-19,NA,NA,296,"2023","07","19"
"02096960",2023-07-20,NA,NA,289,"2023","07","20"
"02096960",2023-07-21,NA,NA,221,"2023","07","21"
"02096960",2023-07-22,NA,NA,189,"2023","07","22"
"02096960",2023-07-23,NA,NA,175,"2023","07","23"
"02096960",2023-07-24,NA,NA,161,"2023","07","24"
"02096960",2023-07-25,NA,NA,156,"2023","07","25"
"02096960",2023-07-26,NA,NA,161,"2023","07","26"
"02096960",2023-07-27,NA,NA,158,"2023","07","27"
"02096960",2023-07-28,NA,NA,140,"2023","07","28"
"02096960",2023-07-29,NA,NA,135,"2023","07","29"
"02096960",2023-07-30,NA,NA,169,"2023","07","30"
"02096960",2023-07-31,NA,NA,189,"2023","07","31"
"02096960",2023-08-01,NA,NA,390,"2023","08","01"
"02096960",2023-08-02,NA,NA,211,"2023","08","02"
"02096960",2023-08-03,NA,NA,180,"2023","08","03"
"02096960",2023-08-04,NA,NA,160,"2023","08","04"
"02096960",2023-08-05,NA,NA,161,"2023","08","05"
"02096960",2023-08-06,NA,NA,183,"2023","08","06"
"02096960",2023-08-07,NA,NA,304,"2023","08","07"
"02096960",2023-08-08,NA,NA,400,"2023","08","08"
"02096960",2023-08-09,NA,NA,324,"2023","08","09"
"02096960",2023-08-10,NA,NA,240,"2023","08","10"
"02096960",2023-08-11,NA,NA,263,"2023","08","11"
"02096960",2023-08-12,NA,NA,396,"2023","08","12"
"02096960",2023-08-13,NA,NA,218,"2023","08","13"
"02096960",2023-08-14,NA,NA,161,"2023","08","14"
"02096960",2023-08-15,NA,NA,143,"2023","08","15"
"02096960",2023-08-16,NA,NA,167,"2023","08","16"
"02096960",2023-08-17,NA,NA,155,"2023","08","17"
"02096960",2023-08-18,NA,NA,152,"2023","08","18"
"02096960",2023-08-19,NA,NA,125,"2023","08","19"
"02096960",2023-08-20,NA,NA,84.6,"2023","08","20"
"02096960",2023-08-21,NA,NA,122,"2023","08","21"
"02096960",2023-08-22,NA,NA,89.6,"2023","08","22"
"02096960",2023-08-23,NA,NA,86.4,"2023","08","23"
"02096960",2023-08-24,NA,NA,79.7,"2023","08","24"
"02096960",2023-08-25,NA,NA,78,"2023","08","25"
"02096960",2023-08-26,NA,NA,409,"2023","08","26"
"02096960",2023-08-27,NA,NA,253,"2023","08","27"
"02096960",2023-08-28,NA,NA,180,"2023","08","28"
"02096960",2023-08-29,NA,NA,282,"2023","08","29"
"02096960",2023-08-30,NA,NA,366,"2023","08","30"
"02096960",2023-08-31,NA,NA,234,"2023","08","31"
"02096960",2023-09-01,NA,NA,189,"2023","09","01"
"02096960",2023-09-02,NA,NA,141,"2023","09","02"
"02096960",2023-09-03,NA,NA,119,"2023","09","03"
"02096960",2023-09-04,NA,NA,107,"2023","09","04"
"02096960",2023-09-05,NA,NA,97.4,"2023","09","05"
"02096960",2023-09-06,NA,NA,94.4,"2023","09","06"
"02096960",2023-09-07,NA,NA,87.6,"2023","09","07"
"02096960",2023-09-08,NA,NA,86.6,"2023","09","08"
"02096960",2023-09-09,NA,NA,139,"2023","09","09"
"02096960",2023-09-10,NA,NA,458,"2023","09","10"
"02096960",2023-09-11,NA,NA,772,"2023","09","11"
"02096960",2023-09-12,NA,NA,486,"2023","09","12"
"02096960",2023-09-13,NA,NA,493,"2023","09","13"
"02096960",2023-09-14,NA,NA,1240,"2023","09","14"
"02096960",2023-09-15,NA,NA,342,"2023","09","15"
"02096960",2023-09-16,NA,NA,218,"2023","09","16"
"02096960",2023-09-17,NA,NA,167,"2023","09","17"
"02096960",2023-09-18,NA,NA,180,"2023","09","18"
"02096960",2023-09-19,NA,NA,152,"2023","09","19"
"02096960",2023-09-20,NA,NA,155,"2023","09","20"
"02096960",2023-09-21,NA,NA,139,"2023","09","21"
"02096960",2023-09-22,NA,NA,126,"2023","09","22"
"02096960",2023-09-23,NA,NA,152,"2023","09","23"
"02096960",2023-09-24,NA,NA,295,"2023","09","24"
"02096960",2023-09-25,NA,NA,520,"2023","09","25"
"02096960",2023-09-26,NA,NA,290,"2023","09","26"
"02096960",2023-09-27,NA,NA,194,"2023","09","27"
"02096960",2023-09-28,NA,NA,167,"2023","09","28"
"02096960",2023-09-29,NA,NA,149,"2023","09","29"
"02096960",2023-09-30,NA,NA,142,"2023","09","30"
"02096960",2023-10-01,NA,NA,136,"2023","10","01"
"02096960",2023-10-02,NA,NA,125,"2023","10","02"
"02096960",2023-10-03,NA,NA,120,"2023","10","03"
"02096960",2023-10-04,NA,NA,123,"2023","10","04"
"02096960",2023-10-05,NA,NA,119,"2023","10","05"
"02096960",2023-10-06,NA,NA,112,"2023","10","06"
"02096960",2023-10-07,NA,NA,108,"2023","10","07"
"02096960",2023-10-08,NA,NA,105,"2023","10","08"
"02096960",2023-10-09,NA,NA,97.5,"2023","10","09"
"02096960",2023-10-10,NA,NA,90.8,"2023","10","10"
"02096960",2023-10-11,NA,NA,92.6,"2023","10","11"
"02096960",2023-10-12,NA,NA,98.1,"2023","10","12"
"02096960",2023-10-13,NA,NA,96.4,"2023","10","13"
"02096960",2023-10-14,NA,NA,129,"2023","10","14"
"02096960",2023-10-15,NA,NA,552,"2023","10","15"
"02096960",2023-10-16,NA,NA,467,"2023","10","16"
"02096960",2023-10-17,NA,NA,214,"2023","10","17"
"02096960",2023-10-18,NA,NA,158,"2023","10","18"
"02096960",2023-10-19,NA,NA,140,"2023","10","19"
"02096960",2023-10-20,NA,NA,136,"2023","10","20"
"02096960",2023-10-21,NA,NA,152,"2023","10","21"
"02096960",2023-10-22,NA,NA,210,"2023","10","22"
"02096960",2023-10-23,NA,NA,203,"2023","10","23"
"02096960",2023-10-24,NA,NA,139,"2023","10","24"
"02096960",2023-10-25,NA,NA,130,"2023","10","25"
"02096960",2023-10-26,NA,NA,125,"2023","10","26"
"02096960",2023-10-27,NA,NA,116,"2023","10","27"
"02096960",2023-10-28,NA,NA,115,"2023","10","28"
"02096960",2023-10-29,NA,NA,114,"2023","10","29"
"02096960",2023-10-30,NA,NA,112,"2023","10","30"
"02096960",2023-10-31,NA,NA,107,"2023","10","31"
"02096960",2023-11-01,NA,NA,111,"2023","11","01"
"02096960",2023-11-02,NA,NA,108,"2023","11","02"
"02096960",2023-11-03,NA,NA,109,"2023","11","03"
"02096960",2023-11-04,NA,NA,107,"2023","11","04"
"02096960",2023-11-05,NA,NA,110,"2023","11","05"
"02096960",2023-11-06,NA,NA,109,"2023","11","06"
"02096960",2023-11-07,NA,NA,110,"2023","11","07"
"02096960",2023-11-08,NA,NA,113,"2023","11","08"
"02096960",2023-11-09,NA,NA,119,"2023","11","09"
"02096960",2023-11-10,NA,NA,121,"2023","11","10"
"02096960",2023-11-11,NA,NA,123,"2023","11","11"
"02096960",2023-11-12,NA,NA,122,"2023","11","12"
"02096960",2023-11-13,NA,NA,119,"2023","11","13"
"02096960",2023-11-14,NA,NA,120,"2023","11","14"
"02096960",2023-11-15,NA,NA,117,"2023","11","15"
"02096960",2023-11-16,NA,NA,119,"2023","11","16"
"02096960",2023-11-17,NA,NA,118,"2023","11","17"
"02096960",2023-11-18,NA,NA,116,"2023","11","18"
"02096960",2023-11-19,NA,NA,118,"2023","11","19"
"02096960",2023-11-20,NA,NA,118,"2023","11","20"
"02096960",2023-11-21,NA,NA,124,"2023","11","21"
"02096960",2023-11-22,NA,NA,655,"2023","11","22"
"02096960",2023-11-23,NA,NA,1050,"2023","11","23"
"02096960",2023-11-24,NA,NA,453,"2023","11","24"
"02096960",2023-11-25,NA,NA,285,"2023","11","25"
"02096960",2023-11-26,NA,NA,210,"2023","11","26"
"02096960",2023-11-27,NA,NA,174,"2023","11","27"
"02096960",2023-11-28,NA,NA,157,"2023","11","28"
"02096960",2023-11-29,NA,NA,148,"2023","11","29"
"02096960",2023-11-30,NA,NA,141,"2023","11","30"
"02096960",2023-12-01,NA,NA,142,"2023","12","01"
"02096960",2023-12-02,NA,NA,135,"2023","12","02"
"02096960",2023-12-03,NA,NA,138,"2023","12","03"
"02096960",2023-12-04,NA,NA,144,"2023","12","04"
"02096960",2023-12-05,NA,NA,169,"2023","12","05"
"02096960",2023-12-06,NA,NA,177,"2023","12","06"
"02096960",2023-12-07,NA,NA,150,"2023","12","07"
"02096960",2023-12-08,NA,NA,144,"2023","12","08"
"02096960",2023-12-09,NA,NA,137,"2023","12","09"
"02096960",2023-12-10,NA,NA,164,"2023","12","10"
"02096960",2023-12-11,NA,NA,3310,"2023","12","11"
"02096960",2023-12-12,NA,NA,2440,"2023","12","12"
"02096960",2023-12-13,NA,NA,1010,"2023","12","13"
"02096960",2023-12-14,NA,NA,826,"2023","12","14"
"02096960",2023-12-15,NA,NA,585,"2023","12","15"
"02096960",2023-12-16,NA,NA,420,"2023","12","16"
"02096960",2023-12-17,NA,NA,2010,"2023","12","17"
"02096960",2023-12-18,NA,NA,15200,"2023","12","18"
"02096960",2023-12-19,NA,NA,4950,"2023","12","19"
"02096960",2023-12-20,NA,NA,2230,"2023","12","20"
"02096960",2023-12-21,NA,NA,1390,"2023","12","21"
"02096960",2023-12-22,NA,NA,964,"2023","12","22"
"02096960",2023-12-23,NA,NA,722,"2023","12","23"
"02096960",2023-12-24,NA,NA,600,"2023","12","24"
"02096960",2023-12-25,NA,NA,526,"2023","12","25"
"02096960",2023-12-26,NA,NA,494,"2023","12","26"
"02096960",2023-12-27,NA,NA,7880,"2023","12","27"
"02096960",2023-12-28,NA,NA,5920,"2023","12","28"
"02096960",2023-12-29,NA,NA,2840,"2023","12","29"
"02096960",2023-12-30,NA,NA,1730,"2023","12","30"
"02096960",2023-12-31,NA,NA,1190,"2023","12","31"
"02096960",2024-01-01,NA,NA,867,"2024","01","01"
"02096960",2024-01-02,NA,NA,672,"2024","01","02"
"02096960",2024-01-03,NA,NA,564,"2024","01","03"
"02096960",2024-01-04,NA,NA,523,"2024","01","04"
"02096960",2024-01-05,NA,NA,591,"2024","01","05"
"02096960",2024-01-06,NA,NA,698,"2024","01","06"
"02096960",2024-01-07,NA,NA,5080,"2024","01","07"
"02096960",2024-01-08,NA,NA,2460,"2024","01","08"
"02096960",2024-01-09,NA,NA,5360,"2024","01","09"
"02096960",2024-01-10,NA,NA,31100,"2024","01","10"
"02096960",2024-01-11,NA,NA,13200,"2024","01","11"
"02096960",2024-01-12,NA,NA,5420,"2024","01","12"
"02096960",2024-01-13,NA,NA,12500,"2024","01","13"
"02096960",2024-01-14,NA,NA,4890,"2024","01","14"
"02096960",2024-01-15,NA,NA,2630,"2024","01","15"
"02096960",2024-01-16,NA,NA,1850,"2024","01","16"
"02096960",2024-01-17,NA,NA,1660,"2024","01","17"
"02096960",2024-01-18,NA,NA,1260,"2024","01","18"
"02096960",2024-01-19,NA,NA,1000,"2024","01","19"
"02096960",2024-01-20,NA,NA,859,"2024","01","20"
"02096960",2024-01-21,NA,NA,751,"2024","01","21"
"02096960",2024-01-22,NA,NA,715,"2024","01","22"
"02096960",2024-01-23,NA,NA,623,"2024","01","23"
"02096960",2024-01-24,NA,NA,588,"2024","01","24"
"02096960",2024-01-25,NA,NA,589,"2024","01","25"
"02096960",2024-01-26,NA,NA,1320,"2024","01","26"
"02096960",2024-01-27,NA,NA,1800,"2024","01","27"
"02096960",2024-01-28,NA,NA,12700,"2024","01","28"
