"agency_cd","site_no","Date","Flow","year","month","day"
"USGS","02098206",2019-01-01,12600,"2019","01","01"
"USGS","02098206",2019-01-02,13000,"2019","01","02"
"USGS","02098206",2019-01-03,13800,"2019","01","03"
"USGS","02098206",2019-01-04,10500,"2019","01","04"
"USGS","02098206",2019-01-05,7620,"2019","01","05"
"USGS","02098206",2019-01-06,7620,"2019","01","06"
"USGS","02098206",2019-01-07,10600,"2019","01","07"
"USGS","02098206",2019-01-08,12900,"2019","01","08"
"USGS","02098206",2019-01-09,12800,"2019","01","09"
"USGS","02098206",2019-01-10,12500,"2019","01","10"
"USGS","02098206",2019-01-11,12500,"2019","01","11"
"USGS","02098206",2019-01-12,12400,"2019","01","12"
"USGS","02098206",2019-01-13,12100,"2019","01","13"
"USGS","02098206",2019-01-14,11100,"2019","01","14"
"USGS","02098206",2019-01-15,10400,"2019","01","15"
"USGS","02098206",2019-01-16,9740,"2019","01","16"
"USGS","02098206",2019-01-17,7870,"2019","01","17"
"USGS","02098206",2019-01-18,4370,"2019","01","18"
"USGS","02098206",2019-01-19,2200,"2019","01","19"
"USGS","02098206",2019-01-20,1910,"2019","01","20"
"USGS","02098206",2019-01-21,1920,"2019","01","21"
"USGS","02098206",2019-01-22,3320,"2019","01","22"
"USGS","02098206",2019-01-23,6320,"2019","01","23"
"USGS","02098206",2019-01-24,3700,"2019","01","24"
"USGS","02098206",2019-01-25,3440,"2019","01","25"
"USGS","02098206",2019-01-26,6510,"2019","01","26"
"USGS","02098206",2019-01-27,6450,"2019","01","27"
"USGS","02098206",2019-01-28,6430,"2019","01","28"
"USGS","02098206",2019-01-29,6390,"2019","01","29"
"USGS","02098206",2019-01-30,6300,"2019","01","30"
"USGS","02098206",2019-01-31,4240,"2019","01","31"
"USGS","02098206",2019-02-01,1950,"2019","02","01"
"USGS","02098206",2019-02-02,1910,"2019","02","02"
"USGS","02098206",2019-02-03,1910,"2019","02","03"
"USGS","02098206",2019-02-04,1410,"2019","02","04"
"USGS","02098206",2019-02-05,1080,"2019","02","05"
"USGS","02098206",2019-02-06,1010,"2019","02","06"
"USGS","02098206",2019-02-07,946,"2019","02","07"
"USGS","02098206",2019-02-08,757,"2019","02","08"
"USGS","02098206",2019-02-09,744,"2019","02","09"
"USGS","02098206",2019-02-10,740,"2019","02","10"
"USGS","02098206",2019-02-11,868,"2019","02","11"
"USGS","02098206",2019-02-12,1090,"2019","02","12"
"USGS","02098206",2019-02-13,1440,"2019","02","13"
"USGS","02098206",2019-02-14,2580,"2019","02","14"
"USGS","02098206",2019-02-15,3680,"2019","02","15"
"USGS","02098206",2019-02-16,3650,"2019","02","16"
"USGS","02098206",2019-02-17,3600,"2019","02","17"
"USGS","02098206",2019-02-18,3640,"2019","02","18"
"USGS","02098206",2019-02-19,3700,"2019","02","19"
"USGS","02098206",2019-02-20,4510,"2019","02","20"
"USGS","02098206",2019-02-21,5790,"2019","02","21"
"USGS","02098206",2019-02-22,3530,"2019","02","22"
"USGS","02098206",2019-02-23,1480,"2019","02","23"
"USGS","02098206",2019-02-24,1600,"2019","02","24"
"USGS","02098206",2019-02-25,1600,"2019","02","25"
"USGS","02098206",2019-02-26,2630,"2019","02","26"
"USGS","02098206",2019-02-27,5790,"2019","02","27"
"USGS","02098206",2019-02-28,8020,"2019","02","28"
"USGS","02098206",2019-03-01,8000,"2019","03","01"
"USGS","02098206",2019-03-02,3730,"2019","03","02"
"USGS","02098206",2019-03-03,588,"2019","03","03"
"USGS","02098206",2019-03-04,506,"2019","03","04"
"USGS","02098206",2019-03-05,526,"2019","03","05"
"USGS","02098206",2019-03-06,2430,"2019","03","06"
"USGS","02098206",2019-03-07,6580,"2019","03","07"
"USGS","02098206",2019-03-08,9680,"2019","03","08"
"USGS","02098206",2019-03-09,11500,"2019","03","09"
"USGS","02098206",2019-03-10,11700,"2019","03","10"
"USGS","02098206",2019-03-11,11700,"2019","03","11"
"USGS","02098206",2019-03-12,11600,"2019","03","12"
"USGS","02098206",2019-03-13,11800,"2019","03","13"
"USGS","02098206",2019-03-14,11700,"2019","03","14"
"USGS","02098206",2019-03-15,11600,"2019","03","15"
"USGS","02098206",2019-03-16,11200,"2019","03","16"
"USGS","02098206",2019-03-17,11200,"2019","03","17"
"USGS","02098206",2019-03-18,11100,"2019","03","18"
"USGS","02098206",2019-03-19,9610,"2019","03","19"
"USGS","02098206",2019-03-20,7070,"2019","03","20"
"USGS","02098206",2019-03-21,4890,"2019","03","21"
"USGS","02098206",2019-03-22,1970,"2019","03","22"
"USGS","02098206",2019-03-23,4140,"2019","03","23"
"USGS","02098206",2019-03-24,5240,"2019","03","24"
"USGS","02098206",2019-03-25,6430,"2019","03","25"
"USGS","02098206",2019-03-26,7550,"2019","03","26"
"USGS","02098206",2019-03-27,7530,"2019","03","27"
"USGS","02098206",2019-03-28,7310,"2019","03","28"
"USGS","02098206",2019-03-29,4370,"2019","03","29"
"USGS","02098206",2019-03-30,1350,"2019","03","30"
"USGS","02098206",2019-03-31,1470,"2019","03","31"
"USGS","02098206",2019-04-01,2050,"2019","04","01"
"USGS","02098206",2019-04-02,3040,"2019","04","02"
"USGS","02098206",2019-04-03,1950,"2019","04","03"
"USGS","02098206",2019-04-04,1290,"2019","04","04"
"USGS","02098206",2019-04-05,1350,"2019","04","05"
"USGS","02098206",2019-04-06,1300,"2019","04","06"
"USGS","02098206",2019-04-07,1360,"2019","04","07"
"USGS","02098206",2019-04-08,1340,"2019","04","08"
"USGS","02098206",2019-04-09,947,"2019","04","09"
"USGS","02098206",2019-04-10,603,"2019","04","10"
"USGS","02098206",2019-04-11,2240,"2019","04","11"
"USGS","02098206",2019-04-12,4580,"2019","04","12"
"USGS","02098206",2019-04-13,1910,"2019","04","13"
"USGS","02098206",2019-04-14,556,"2019","04","14"
"USGS","02098206",2019-04-15,492,"2019","04","15"
"USGS","02098206",2019-04-16,633,"2019","04","16"
"USGS","02098206",2019-04-17,2490,"2019","04","17"
"USGS","02098206",2019-04-18,3010,"2019","04","18"
"USGS","02098206",2019-04-19,470,"2019","04","19"
"USGS","02098206",2019-04-20,470,"2019","04","20"
"USGS","02098206",2019-04-21,1710,"2019","04","21"
"USGS","02098206",2019-04-22,6530,"2019","04","22"
"USGS","02098206",2019-04-23,9500,"2019","04","23"
"USGS","02098206",2019-04-24,9410,"2019","04","24"
"USGS","02098206",2019-04-25,9260,"2019","04","25"
"USGS","02098206",2019-04-26,9240,"2019","04","26"
"USGS","02098206",2019-04-27,9260,"2019","04","27"
"USGS","02098206",2019-04-28,9200,"2019","04","28"
"USGS","02098206",2019-04-29,9130,"2019","04","29"
"USGS","02098206",2019-04-30,9050,"2019","04","30"
"USGS","02098206",2019-05-01,8980,"2019","05","01"
"USGS","02098206",2019-05-02,8950,"2019","05","02"
"USGS","02098206",2019-05-03,8190,"2019","05","03"
"USGS","02098206",2019-05-04,7500,"2019","05","04"
"USGS","02098206",2019-05-05,7440,"2019","05","05"
"USGS","02098206",2019-05-06,6680,"2019","05","06"
"USGS","02098206",2019-05-07,5010,"2019","05","07"
"USGS","02098206",2019-05-08,2610,"2019","05","08"
"USGS","02098206",2019-05-09,1250,"2019","05","09"
"USGS","02098206",2019-05-10,852,"2019","05","10"
"USGS","02098206",2019-05-11,699,"2019","05","11"
"USGS","02098206",2019-05-12,646,"2019","05","12"
"USGS","02098206",2019-05-13,546,"2019","05","13"
"USGS","02098206",2019-05-14,889,"2019","05","14"
"USGS","02098206",2019-05-15,1260,"2019","05","15"
"USGS","02098206",2019-05-16,1510,"2019","05","16"
"USGS","02098206",2019-05-17,1170,"2019","05","17"
"USGS","02098206",2019-05-18,832,"2019","05","18"
"USGS","02098206",2019-05-19,711,"2019","05","19"
"USGS","02098206",2019-05-20,552,"2019","05","20"
"USGS","02098206",2019-05-21,493,"2019","05","21"
"USGS","02098206",2019-05-22,493,"2019","05","22"
"USGS","02098206",2019-05-23,473,"2019","05","23"
"USGS","02098206",2019-05-24,443,"2019","05","24"
"USGS","02098206",2019-05-25,410,"2019","05","25"
"USGS","02098206",2019-05-26,424,"2019","05","26"
"USGS","02098206",2019-05-27,409,"2019","05","27"
"USGS","02098206",2019-05-28,394,"2019","05","28"
"USGS","02098206",2019-05-29,391,"2019","05","29"
"USGS","02098206",2019-05-30,425,"2019","05","30"
"USGS","02098206",2019-05-31,392,"2019","05","31"
"USGS","02098206",2019-06-01,374,"2019","06","01"
"USGS","02098206",2019-06-02,387,"2019","06","02"
"USGS","02098206",2019-06-03,382,"2019","06","03"
"USGS","02098206",2019-06-04,427,"2019","06","04"
"USGS","02098206",2019-06-05,445,"2019","06","05"
"USGS","02098206",2019-06-06,438,"2019","06","06"
"USGS","02098206",2019-06-07,444,"2019","06","07"
"USGS","02098206",2019-06-08,449,"2019","06","08"
"USGS","02098206",2019-06-09,441,"2019","06","09"
"USGS","02098206",2019-06-10,1440,"2019","06","10"
"USGS","02098206",2019-06-11,3060,"2019","06","11"
"USGS","02098206",2019-06-12,3080,"2019","06","12"
"USGS","02098206",2019-06-13,3690,"2019","06","13"
"USGS","02098206",2019-06-14,4690,"2019","06","14"
"USGS","02098206",2019-06-15,4730,"2019","06","15"
"USGS","02098206",2019-06-16,4710,"2019","06","16"
"USGS","02098206",2019-06-17,4750,"2019","06","17"
"USGS","02098206",2019-06-18,3570,"2019","06","18"
"USGS","02098206",2019-06-19,2410,"2019","06","19"
"USGS","02098206",2019-06-20,1840,"2019","06","20"
"USGS","02098206",2019-06-21,1420,"2019","06","21"
"USGS","02098206",2019-06-22,1270,"2019","06","22"
"USGS","02098206",2019-06-23,1970,"2019","06","23"
"USGS","02098206",2019-06-24,2690,"2019","06","24"
"USGS","02098206",2019-06-25,2120,"2019","06","25"
"USGS","02098206",2019-06-26,907,"2019","06","26"
"USGS","02098206",2019-06-27,602,"2019","06","27"
"USGS","02098206",2019-06-28,511,"2019","06","28"
"USGS","02098206",2019-06-29,510,"2019","06","29"
"USGS","02098206",2019-06-30,484,"2019","06","30"
"USGS","02098206",2019-07-01,480,"2019","07","01"
"USGS","02098206",2019-07-02,500,"2019","07","02"
"USGS","02098206",2019-07-03,500,"2019","07","03"
"USGS","02098206",2019-07-04,506,"2019","07","04"
"USGS","02098206",2019-07-05,448,"2019","07","05"
"USGS","02098206",2019-07-06,415,"2019","07","06"
"USGS","02098206",2019-07-07,430,"2019","07","07"
"USGS","02098206",2019-07-08,437,"2019","07","08"
"USGS","02098206",2019-07-09,345,"2019","07","09"
"USGS","02098206",2019-07-10,344,"2019","07","10"
"USGS","02098206",2019-07-11,366,"2019","07","11"
"USGS","02098206",2019-07-12,315,"2019","07","12"
"USGS","02098206",2019-07-13,294,"2019","07","13"
"USGS","02098206",2019-07-14,317,"2019","07","14"
"USGS","02098206",2019-07-15,309,"2019","07","15"
"USGS","02098206",2019-07-16,243,"2019","07","16"
"USGS","02098206",2019-07-17,360,"2019","07","17"
"USGS","02098206",2019-07-18,376,"2019","07","18"
"USGS","02098206",2019-07-19,406,"2019","07","19"
"USGS","02098206",2019-07-20,433,"2019","07","20"
"USGS","02098206",2019-07-21,469,"2019","07","21"
"USGS","02098206",2019-07-22,472,"2019","07","22"
"USGS","02098206",2019-07-23,409,"2019","07","23"
"USGS","02098206",2019-07-24,193,"2019","07","24"
"USGS","02098206",2019-07-25,232,"2019","07","25"
"USGS","02098206",2019-07-26,301,"2019","07","26"
"USGS","02098206",2019-07-27,312,"2019","07","27"
"USGS","02098206",2019-07-28,313,"2019","07","28"
"USGS","02098206",2019-07-29,309,"2019","07","29"
"USGS","02098206",2019-07-30,368,"2019","07","30"
"USGS","02098206",2019-07-31,464,"2019","07","31"
"USGS","02098206",2019-08-01,397,"2019","08","01"
"USGS","02098206",2019-08-02,319,"2019","08","02"
"USGS","02098206",2019-08-03,519,"2019","08","03"
"USGS","02098206",2019-08-04,628,"2019","08","04"
"USGS","02098206",2019-08-05,1040,"2019","08","05"
"USGS","02098206",2019-08-06,1470,"2019","08","06"
"USGS","02098206",2019-08-07,1420,"2019","08","07"
"USGS","02098206",2019-08-08,1420,"2019","08","08"
"USGS","02098206",2019-08-09,1430,"2019","08","09"
"USGS","02098206",2019-08-10,1440,"2019","08","10"
"USGS","02098206",2019-08-11,1190,"2019","08","11"
"USGS","02098206",2019-08-12,621,"2019","08","12"
"USGS","02098206",2019-08-13,472,"2019","08","13"
"USGS","02098206",2019-08-14,420,"2019","08","14"
"USGS","02098206",2019-08-15,451,"2019","08","15"
"USGS","02098206",2019-08-16,451,"2019","08","16"
"USGS","02098206",2019-08-17,531,"2019","08","17"
"USGS","02098206",2019-08-18,523,"2019","08","18"
"USGS","02098206",2019-08-19,502,"2019","08","19"
"USGS","02098206",2019-08-20,761,"2019","08","20"
"USGS","02098206",2019-08-21,988,"2019","08","21"
"USGS","02098206",2019-08-22,973,"2019","08","22"
"USGS","02098206",2019-08-23,1000,"2019","08","23"
"USGS","02098206",2019-08-24,1030,"2019","08","24"
"USGS","02098206",2019-08-25,1030,"2019","08","25"
"USGS","02098206",2019-08-26,1680,"2019","08","26"
"USGS","02098206",2019-08-27,2480,"2019","08","27"
"USGS","02098206",2019-08-28,1260,"2019","08","28"
"USGS","02098206",2019-08-29,541,"2019","08","29"
"USGS","02098206",2019-08-30,539,"2019","08","30"
"USGS","02098206",2019-08-31,590,"2019","08","31"
"USGS","02098206",2019-09-01,542,"2019","09","01"
"USGS","02098206",2019-09-02,446,"2019","09","02"
"USGS","02098206",2019-09-03,377,"2019","09","03"
"USGS","02098206",2019-09-04,339,"2019","09","04"
"USGS","02098206",2019-09-05,298,"2019","09","05"
"USGS","02098206",2019-09-06,301,"2019","09","06"
"USGS","02098206",2019-09-07,496,"2019","09","07"
"USGS","02098206",2019-09-08,508,"2019","09","08"
"USGS","02098206",2019-09-09,464,"2019","09","09"
"USGS","02098206",2019-09-10,404,"2019","09","10"
"USGS","02098206",2019-09-11,399,"2019","09","11"
"USGS","02098206",2019-09-12,399,"2019","09","12"
"USGS","02098206",2019-09-13,430,"2019","09","13"
"USGS","02098206",2019-09-14,419,"2019","09","14"
"USGS","02098206",2019-09-15,424,"2019","09","15"
"USGS","02098206",2019-09-16,426,"2019","09","16"
"USGS","02098206",2019-09-17,424,"2019","09","17"
"USGS","02098206",2019-09-18,428,"2019","09","18"
"USGS","02098206",2019-09-19,428,"2019","09","19"
"USGS","02098206",2019-09-20,441,"2019","09","20"
"USGS","02098206",2019-09-21,433,"2019","09","21"
"USGS","02098206",2019-09-22,436,"2019","09","22"
"USGS","02098206",2019-09-23,458,"2019","09","23"
"USGS","02098206",2019-09-24,451,"2019","09","24"
"USGS","02098206",2019-09-25,454,"2019","09","25"
"USGS","02098206",2019-09-26,450,"2019","09","26"
"USGS","02098206",2019-09-27,453,"2019","09","27"
"USGS","02098206",2019-09-28,450,"2019","09","28"
"USGS","02098206",2019-09-29,452,"2019","09","29"
"USGS","02098206",2019-09-30,390,"2019","09","30"
"USGS","02098206",2019-10-01,447,"2019","10","01"
"USGS","02098206",2019-10-02,502,"2019","10","02"
"USGS","02098206",2019-10-03,406,"2019","10","03"
"USGS","02098206",2019-10-04,343,"2019","10","04"
"USGS","02098206",2019-10-05,372,"2019","10","05"
"USGS","02098206",2019-10-06,359,"2019","10","06"
"USGS","02098206",2019-10-07,346,"2019","10","07"
"USGS","02098206",2019-10-08,358,"2019","10","08"
"USGS","02098206",2019-10-09,349,"2019","10","09"
"USGS","02098206",2019-10-10,346,"2019","10","10"
"USGS","02098206",2019-10-11,350,"2019","10","11"
"USGS","02098206",2019-10-12,334,"2019","10","12"
"USGS","02098206",2019-10-13,348,"2019","10","13"
"USGS","02098206",2019-10-14,344,"2019","10","14"
"USGS","02098206",2019-10-15,337,"2019","10","15"
"USGS","02098206",2019-10-16,357,"2019","10","16"
"USGS","02098206",2019-10-17,365,"2019","10","17"
"USGS","02098206",2019-10-18,380,"2019","10","18"
"USGS","02098206",2019-10-19,372,"2019","10","19"
"USGS","02098206",2019-10-20,366,"2019","10","20"
"USGS","02098206",2019-10-21,274,"2019","10","21"
"USGS","02098206",2019-10-22,159,"2019","10","22"
"USGS","02098206",2019-10-23,138,"2019","10","23"
"USGS","02098206",2019-10-24,128,"2019","10","24"
"USGS","02098206",2019-10-25,172,"2019","10","25"
"USGS","02098206",2019-10-26,201,"2019","10","26"
"USGS","02098206",2019-10-27,193,"2019","10","27"
"USGS","02098206",2019-10-28,192,"2019","10","28"
"USGS","02098206",2019-10-29,226,"2019","10","29"
"USGS","02098206",2019-10-30,259,"2019","10","30"
"USGS","02098206",2019-10-31,249,"2019","10","31"
"USGS","02098206",2019-11-01,260,"2019","11","01"
"USGS","02098206",2019-11-02,241,"2019","11","02"
"USGS","02098206",2019-11-03,145,"2019","11","03"
"USGS","02098206",2019-11-04,174,"2019","11","04"
"USGS","02098206",2019-11-05,218,"2019","11","05"
"USGS","02098206",2019-11-06,201,"2019","11","06"
"USGS","02098206",2019-11-07,223,"2019","11","07"
"USGS","02098206",2019-11-08,212,"2019","11","08"
"USGS","02098206",2019-11-09,229,"2019","11","09"
"USGS","02098206",2019-11-10,210,"2019","11","10"
"USGS","02098206",2019-11-11,291,"2019","11","11"
"USGS","02098206",2019-11-12,343,"2019","11","12"
"USGS","02098206",2019-11-13,238,"2019","11","13"
"USGS","02098206",2019-11-14,167,"2019","11","14"
"USGS","02098206",2019-11-15,165,"2019","11","15"
"USGS","02098206",2019-11-16,167,"2019","11","16"
"USGS","02098206",2019-11-17,161,"2019","11","17"
"USGS","02098206",2019-11-18,245,"2019","11","18"
"USGS","02098206",2019-11-19,214,"2019","11","19"
"USGS","02098206",2019-11-20,211,"2019","11","20"
"USGS","02098206",2019-11-21,231,"2019","11","21"
"USGS","02098206",2019-11-22,280,"2019","11","22"
"USGS","02098206",2019-11-23,282,"2019","11","23"
"USGS","02098206",2019-11-24,289,"2019","11","24"
"USGS","02098206",2019-11-25,525,"2019","11","25"
"USGS","02098206",2019-11-26,983,"2019","11","26"
"USGS","02098206",2019-11-27,989,"2019","11","27"
"USGS","02098206",2019-11-28,972,"2019","11","28"
"USGS","02098206",2019-11-29,1750,"2019","11","29"
"USGS","02098206",2019-11-30,2440,"2019","11","30"
"USGS","02098206",2019-12-01,2440,"2019","12","01"
"USGS","02098206",2019-12-02,2370,"2019","12","02"
"USGS","02098206",2019-12-03,2630,"2019","12","03"
"USGS","02098206",2019-12-04,4180,"2019","12","04"
"USGS","02098206",2019-12-05,4140,"2019","12","05"
"USGS","02098206",2019-12-06,2260,"2019","12","06"
"USGS","02098206",2019-12-07,468,"2019","12","07"
"USGS","02098206",2019-12-08,456,"2019","12","08"
"USGS","02098206",2019-12-09,426,"2019","12","09"
"USGS","02098206",2019-12-10,442,"2019","12","10"
"USGS","02098206",2019-12-11,472,"2019","12","11"
"USGS","02098206",2019-12-12,434,"2019","12","12"
"USGS","02098206",2019-12-13,458,"2019","12","13"
"USGS","02098206",2019-12-14,400,"2019","12","14"
"USGS","02098206",2019-12-15,491,"2019","12","15"
"USGS","02098206",2019-12-16,1270,"2019","12","16"
"USGS","02098206",2019-12-17,2920,"2019","12","17"
"USGS","02098206",2019-12-18,3180,"2019","12","18"
"USGS","02098206",2019-12-19,5470,"2019","12","19"
"USGS","02098206",2019-12-20,5470,"2019","12","20"
"USGS","02098206",2019-12-21,5380,"2019","12","21"
"USGS","02098206",2019-12-22,5450,"2019","12","22"
"USGS","02098206",2019-12-23,4410,"2019","12","23"
"USGS","02098206",2019-12-24,1820,"2019","12","24"
"USGS","02098206",2019-12-25,934,"2019","12","25"
"USGS","02098206",2019-12-26,960,"2019","12","26"
"USGS","02098206",2019-12-27,1040,"2019","12","27"
"USGS","02098206",2019-12-28,1070,"2019","12","28"
"USGS","02098206",2019-12-29,1060,"2019","12","29"
"USGS","02098206",2019-12-30,1060,"2019","12","30"
"USGS","02098206",2019-12-31,880,"2019","12","31"
"USGS","02098206",2020-01-01,987,"2020","01","01"
"USGS","02098206",2020-01-02,941,"2020","01","02"
"USGS","02098206",2020-01-03,969,"2020","01","03"
"USGS","02098206",2020-01-04,840,"2020","01","04"
"USGS","02098206",2020-01-05,984,"2020","01","05"
"USGS","02098206",2020-01-06,2680,"2020","01","06"
"USGS","02098206",2020-01-07,5500,"2020","01","07"
"USGS","02098206",2020-01-08,7410,"2020","01","08"
"USGS","02098206",2020-01-09,7190,"2020","01","09"
"USGS","02098206",2020-01-10,4870,"2020","01","10"
"USGS","02098206",2020-01-11,2840,"2020","01","11"
"USGS","02098206",2020-01-12,2910,"2020","01","12"
"USGS","02098206",2020-01-13,2890,"2020","01","13"
"USGS","02098206",2020-01-14,2660,"2020","01","14"
"USGS","02098206",2020-01-15,2770,"2020","01","15"
"USGS","02098206",2020-01-16,3720,"2020","01","16"
"USGS","02098206",2020-01-17,4580,"2020","01","17"
"USGS","02098206",2020-01-18,4580,"2020","01","18"
"USGS","02098206",2020-01-19,4560,"2020","01","19"
"USGS","02098206",2020-01-20,3590,"2020","01","20"
"USGS","02098206",2020-01-21,1830,"2020","01","21"
"USGS","02098206",2020-01-22,1060,"2020","01","22"
"USGS","02098206",2020-01-23,629,"2020","01","23"
"USGS","02098206",2020-01-24,374,"2020","01","24"
"USGS","02098206",2020-01-25,359,"2020","01","25"
"USGS","02098206",2020-01-26,558,"2020","01","26"
"USGS","02098206",2020-01-27,2750,"2020","01","27"
"USGS","02098206",2020-01-28,5450,"2020","01","28"
"USGS","02098206",2020-01-29,5390,"2020","01","29"
"USGS","02098206",2020-01-30,5370,"2020","01","30"
"USGS","02098206",2020-01-31,4350,"2020","01","31"
"USGS","02098206",2020-02-01,3240,"2020","02","01"
"USGS","02098206",2020-02-02,3270,"2020","02","02"
"USGS","02098206",2020-02-03,4040,"2020","02","03"
"USGS","02098206",2020-02-04,4550,"2020","02","04"
"USGS","02098206",2020-02-05,2660,"2020","02","05"
"USGS","02098206",2020-02-06,431,"2020","02","06"
"USGS","02098206",2020-02-07,359,"2020","02","07"
"USGS","02098206",2020-02-08,195,"2020","02","08"
"USGS","02098206",2020-02-09,272,"2020","02","09"
"USGS","02098206",2020-02-10,657,"2020","02","10"
"USGS","02098206",2020-02-11,3200,"2020","02","11"
"USGS","02098206",2020-02-12,7990,"2020","02","12"
"USGS","02098206",2020-02-13,10700,"2020","02","13"
"USGS","02098206",2020-02-14,10600,"2020","02","14"
"USGS","02098206",2020-02-15,10800,"2020","02","15"
"USGS","02098206",2020-02-16,10800,"2020","02","16"
"USGS","02098206",2020-02-17,10700,"2020","02","17"
"USGS","02098206",2020-02-18,10600,"2020","02","18"
"USGS","02098206",2020-02-19,10400,"2020","02","19"
"USGS","02098206",2020-02-20,10400,"2020","02","20"
"USGS","02098206",2020-02-21,10200,"2020","02","21"
"USGS","02098206",2020-02-22,10300,"2020","02","22"
"USGS","02098206",2020-02-23,10200,"2020","02","23"
"USGS","02098206",2020-02-24,10100,"2020","02","24"
"USGS","02098206",2020-02-25,9940,"2020","02","25"
"USGS","02098206",2020-02-26,7550,"2020","02","26"
"USGS","02098206",2020-02-27,6050,"2020","02","27"
"USGS","02098206",2020-02-28,4780,"2020","02","28"
"USGS","02098206",2020-02-29,2850,"2020","02","29"
"USGS","02098206",2020-03-01,2410,"2020","03","01"
"USGS","02098206",2020-03-02,2520,"2020","03","02"
"USGS","02098206",2020-03-03,2140,"2020","03","03"
"USGS","02098206",2020-03-04,1250,"2020","03","04"
"USGS","02098206",2020-03-05,1760,"2020","03","05"
"USGS","02098206",2020-03-06,1790,"2020","03","06"
"USGS","02098206",2020-03-07,1230,"2020","03","07"
"USGS","02098206",2020-03-08,787,"2020","03","08"
"USGS","02098206",2020-03-09,555,"2020","03","09"
"USGS","02098206",2020-03-10,767,"2020","03","10"
"USGS","02098206",2020-03-11,925,"2020","03","11"
"USGS","02098206",2020-03-12,1080,"2020","03","12"
"USGS","02098206",2020-03-13,1010,"2020","03","13"
"USGS","02098206",2020-03-14,881,"2020","03","14"
"USGS","02098206",2020-03-15,874,"2020","03","15"
"USGS","02098206",2020-03-16,801,"2020","03","16"
"USGS","02098206",2020-03-17,529,"2020","03","17"
"USGS","02098206",2020-03-18,354,"2020","03","18"
"USGS","02098206",2020-03-19,292,"2020","03","19"
"USGS","02098206",2020-03-20,302,"2020","03","20"
"USGS","02098206",2020-03-21,277,"2020","03","21"
"USGS","02098206",2020-03-22,515,"2020","03","22"
"USGS","02098206",2020-03-23,929,"2020","03","23"
"USGS","02098206",2020-03-24,927,"2020","03","24"
"USGS","02098206",2020-03-25,1660,"2020","03","25"
"USGS","02098206",2020-03-26,3580,"2020","03","26"
"USGS","02098206",2020-03-27,4940,"2020","03","27"
"USGS","02098206",2020-03-28,5920,"2020","03","28"
"USGS","02098206",2020-03-29,5520,"2020","03","29"
"USGS","02098206",2020-03-30,3600,"2020","03","30"
"USGS","02098206",2020-03-31,2890,"2020","03","31"
"USGS","02098206",2020-04-01,2010,"2020","04","01"
"USGS","02098206",2020-04-02,853,"2020","04","02"
"USGS","02098206",2020-04-03,595,"2020","04","03"
"USGS","02098206",2020-04-04,486,"2020","04","04"
"USGS","02098206",2020-04-05,488,"2020","04","05"
"USGS","02098206",2020-04-06,475,"2020","04","06"
"USGS","02098206",2020-04-07,480,"2020","04","07"
"USGS","02098206",2020-04-08,506,"2020","04","08"
"USGS","02098206",2020-04-09,531,"2020","04","09"
"USGS","02098206",2020-04-10,529,"2020","04","10"
"USGS","02098206",2020-04-11,528,"2020","04","11"
"USGS","02098206",2020-04-12,529,"2020","04","12"
"USGS","02098206",2020-04-13,531,"2020","04","13"
"USGS","02098206",2020-04-14,1740,"2020","04","14"
"USGS","02098206",2020-04-15,3790,"2020","04","15"
"USGS","02098206",2020-04-16,3940,"2020","04","16"
"USGS","02098206",2020-04-17,2820,"2020","04","17"
"USGS","02098206",2020-04-18,1870,"2020","04","18"
"USGS","02098206",2020-04-19,1190,"2020","04","19"
"USGS","02098206",2020-04-20,715,"2020","04","20"
"USGS","02098206",2020-04-21,673,"2020","04","21"
"USGS","02098206",2020-04-22,917,"2020","04","22"
"USGS","02098206",2020-04-23,932,"2020","04","23"
"USGS","02098206",2020-04-24,938,"2020","04","24"
"USGS","02098206",2020-04-25,930,"2020","04","25"
"USGS","02098206",2020-04-26,933,"2020","04","26"
"USGS","02098206",2020-04-27,1290,"2020","04","27"
"USGS","02098206",2020-04-28,1790,"2020","04","28"
"USGS","02098206",2020-04-29,1150,"2020","04","29"
"USGS","02098206",2020-04-30,942,"2020","04","30"
"USGS","02098206",2020-05-01,1610,"2020","05","01"
"USGS","02098206",2020-05-02,3340,"2020","05","02"
"USGS","02098206",2020-05-03,3690,"2020","05","03"
"USGS","02098206",2020-05-04,4310,"2020","05","04"
"USGS","02098206",2020-05-05,4760,"2020","05","05"
"USGS","02098206",2020-05-06,3720,"2020","05","06"
"USGS","02098206",2020-05-07,2710,"2020","05","07"
"USGS","02098206",2020-05-08,1240,"2020","05","08"
"USGS","02098206",2020-05-09,609,"2020","05","09"
"USGS","02098206",2020-05-10,608,"2020","05","10"
"USGS","02098206",2020-05-11,602,"2020","05","11"
"USGS","02098206",2020-05-12,444,"2020","05","12"
"USGS","02098206",2020-05-13,291,"2020","05","13"
"USGS","02098206",2020-05-14,313,"2020","05","14"
"USGS","02098206",2020-05-15,300,"2020","05","15"
"USGS","02098206",2020-05-16,313,"2020","05","16"
"USGS","02098206",2020-05-17,331,"2020","05","17"
"USGS","02098206",2020-05-18,456,"2020","05","18"
"USGS","02098206",2020-05-19,596,"2020","05","19"
"USGS","02098206",2020-05-20,441,"2020","05","20"
"USGS","02098206",2020-05-21,143,"2020","05","21"
"USGS","02098206",2020-05-22,334,"2020","05","22"
"USGS","02098206",2020-05-23,1240,"2020","05","23"
"USGS","02098206",2020-05-24,2690,"2020","05","24"
"USGS","02098206",2020-05-25,2780,"2020","05","25"
"USGS","02098206",2020-05-26,5820,"2020","05","26"
"USGS","02098206",2020-05-27,7610,"2020","05","27"
"USGS","02098206",2020-05-28,7970,"2020","05","28"
"USGS","02098206",2020-05-29,9630,"2020","05","29"
"USGS","02098206",2020-05-30,9660,"2020","05","30"
"USGS","02098206",2020-05-31,11200,"2020","05","31"
"USGS","02098206",2020-06-01,11900,"2020","06","01"
"USGS","02098206",2020-06-02,11700,"2020","06","02"
"USGS","02098206",2020-06-03,11400,"2020","06","03"
"USGS","02098206",2020-06-04,11200,"2020","06","04"
"USGS","02098206",2020-06-05,10900,"2020","06","05"
"USGS","02098206",2020-06-06,9320,"2020","06","06"
"USGS","02098206",2020-06-07,8010,"2020","06","07"
"USGS","02098206",2020-06-08,6130,"2020","06","08"
"USGS","02098206",2020-06-09,3380,"2020","06","09"
"USGS","02098206",2020-06-10,4350,"2020","06","10"
"USGS","02098206",2020-06-11,3130,"2020","06","11"
"USGS","02098206",2020-06-12,2110,"2020","06","12"
"USGS","02098206",2020-06-13,2200,"2020","06","13"
"USGS","02098206",2020-06-14,2220,"2020","06","14"
"USGS","02098206",2020-06-15,2270,"2020","06","15"
"USGS","02098206",2020-06-16,2190,"2020","06","16"
"USGS","02098206",2020-06-17,2160,"2020","06","17"
"USGS","02098206",2020-06-18,2220,"2020","06","18"
"USGS","02098206",2020-06-19,2230,"2020","06","19"
"USGS","02098206",2020-06-20,2220,"2020","06","20"
"USGS","02098206",2020-06-21,2220,"2020","06","21"
"USGS","02098206",2020-06-22,2280,"2020","06","22"
"USGS","02098206",2020-06-23,2140,"2020","06","23"
"USGS","02098206",2020-06-24,2910,"2020","06","24"
"USGS","02098206",2020-06-25,2610,"2020","06","25"
"USGS","02098206",2020-06-26,1690,"2020","06","26"
"USGS","02098206",2020-06-27,1030,"2020","06","27"
"USGS","02098206",2020-06-28,1010,"2020","06","28"
"USGS","02098206",2020-06-29,937,"2020","06","29"
"USGS","02098206",2020-06-30,750,"2020","06","30"
"USGS","02098206",2020-07-01,836,"2020","07","01"
"USGS","02098206",2020-07-02,855,"2020","07","02"
"USGS","02098206",2020-07-03,849,"2020","07","03"
"USGS","02098206",2020-07-04,842,"2020","07","04"
"USGS","02098206",2020-07-05,818,"2020","07","05"
"USGS","02098206",2020-07-06,786,"2020","07","06"
"USGS","02098206",2020-07-07,673,"2020","07","07"
"USGS","02098206",2020-07-08,537,"2020","07","08"
"USGS","02098206",2020-07-09,455,"2020","07","09"
"USGS","02098206",2020-07-10,372,"2020","07","10"
"USGS","02098206",2020-07-11,322,"2020","07","11"
"USGS","02098206",2020-07-12,333,"2020","07","12"
"USGS","02098206",2020-07-13,330,"2020","07","13"
"USGS","02098206",2020-07-14,327,"2020","07","14"
"USGS","02098206",2020-07-15,334,"2020","07","15"
"USGS","02098206",2020-07-16,345,"2020","07","16"
"USGS","02098206",2020-07-17,350,"2020","07","17"
"USGS","02098206",2020-07-18,231,"2020","07","18"
"USGS","02098206",2020-07-19,323,"2020","07","19"
"USGS","02098206",2020-07-20,351,"2020","07","20"
"USGS","02098206",2020-07-21,347,"2020","07","21"
"USGS","02098206",2020-07-22,349,"2020","07","22"
"USGS","02098206",2020-07-23,347,"2020","07","23"
"USGS","02098206",2020-07-24,349,"2020","07","24"
"USGS","02098206",2020-07-25,471,"2020","07","25"
"USGS","02098206",2020-07-26,548,"2020","07","26"
"USGS","02098206",2020-07-27,671,"2020","07","27"
"USGS","02098206",2020-07-28,759,"2020","07","28"
"USGS","02098206",2020-07-29,1020,"2020","07","29"
"USGS","02098206",2020-07-30,1380,"2020","07","30"
"USGS","02098206",2020-07-31,1350,"2020","07","31"
"USGS","02098206",2020-08-01,553,"2020","08","01"
"USGS","02098206",2020-08-02,387,"2020","08","02"
"USGS","02098206",2020-08-03,192,"2020","08","03"
"USGS","02098206",2020-08-04,734,"2020","08","04"
"USGS","02098206",2020-08-05,2130,"2020","08","05"
"USGS","02098206",2020-08-06,3020,"2020","08","06"
"USGS","02098206",2020-08-07,2840,"2020","08","07"
"USGS","02098206",2020-08-08,1290,"2020","08","08"
"USGS","02098206",2020-08-09,2020,"2020","08","09"
"USGS","02098206",2020-08-10,3020,"2020","08","10"
"USGS","02098206",2020-08-11,3020,"2020","08","11"
"USGS","02098206",2020-08-12,3010,"2020","08","12"
"USGS","02098206",2020-08-13,2720,"2020","08","13"
"USGS","02098206",2020-08-14,1420,"2020","08","14"
"USGS","02098206",2020-08-15,1160,"2020","08","15"
"USGS","02098206",2020-08-16,1170,"2020","08","16"
"USGS","02098206",2020-08-17,2030,"2020","08","17"
"USGS","02098206",2020-08-18,2410,"2020","08","18"
"USGS","02098206",2020-08-19,1770,"2020","08","19"
"USGS","02098206",2020-08-20,4680,"2020","08","20"
"USGS","02098206",2020-08-21,3790,"2020","08","21"
"USGS","02098206",2020-08-22,2730,"2020","08","22"
"USGS","02098206",2020-08-23,2250,"2020","08","23"
"USGS","02098206",2020-08-24,2370,"2020","08","24"
"USGS","02098206",2020-08-25,770,"2020","08","25"
"USGS","02098206",2020-08-26,519,"2020","08","26"
"USGS","02098206",2020-08-27,497,"2020","08","27"
"USGS","02098206",2020-08-28,500,"2020","08","28"
"USGS","02098206",2020-08-29,510,"2020","08","29"
"USGS","02098206",2020-08-30,492,"2020","08","30"
"USGS","02098206",2020-08-31,495,"2020","08","31"
"USGS","02098206",2020-09-01,309,"2020","09","01"
"USGS","02098206",2020-09-02,740,"2020","09","02"
"USGS","02098206",2020-09-03,1560,"2020","09","03"
"USGS","02098206",2020-09-04,1570,"2020","09","04"
"USGS","02098206",2020-09-05,1620,"2020","09","05"
"USGS","02098206",2020-09-06,1700,"2020","09","06"
"USGS","02098206",2020-09-07,1180,"2020","09","07"
"USGS","02098206",2020-09-08,600,"2020","09","08"
"USGS","02098206",2020-09-09,515,"2020","09","09"
"USGS","02098206",2020-09-10,511,"2020","09","10"
"USGS","02098206",2020-09-11,437,"2020","09","11"
"USGS","02098206",2020-09-12,369,"2020","09","12"
"USGS","02098206",2020-09-13,376,"2020","09","13"
"USGS","02098206",2020-09-14,394,"2020","09","14"
"USGS","02098206",2020-09-15,414,"2020","09","15"
"USGS","02098206",2020-09-16,262,"2020","09","16"
"USGS","02098206",2020-09-17,130,"2020","09","17"
"USGS","02098206",2020-09-18,168,"2020","09","18"
"USGS","02098206",2020-09-19,1900,"2020","09","19"
"USGS","02098206",2020-09-20,2790,"2020","09","20"
"USGS","02098206",2020-09-21,3020,"2020","09","21"
"USGS","02098206",2020-09-22,2990,"2020","09","22"
"USGS","02098206",2020-09-23,3000,"2020","09","23"
"USGS","02098206",2020-09-24,3000,"2020","09","24"
"USGS","02098206",2020-09-25,1780,"2020","09","25"
"USGS","02098206",2020-09-26,951,"2020","09","26"
"USGS","02098206",2020-09-27,1470,"2020","09","27"
"USGS","02098206",2020-09-28,2990,"2020","09","28"
"USGS","02098206",2020-09-29,3010,"2020","09","29"
"USGS","02098206",2020-09-30,2950,"2020","09","30"
"USGS","02098206",2020-10-01,2900,"2020","10","01"
"USGS","02098206",2020-10-02,2940,"2020","10","02"
"USGS","02098206",2020-10-03,2930,"2020","10","03"
"USGS","02098206",2020-10-04,2920,"2020","10","04"
"USGS","02098206",2020-10-05,1460,"2020","10","05"
"USGS","02098206",2020-10-06,558,"2020","10","06"
"USGS","02098206",2020-10-07,541,"2020","10","07"
"USGS","02098206",2020-10-08,566,"2020","10","08"
"USGS","02098206",2020-10-09,573,"2020","10","09"
"USGS","02098206",2020-10-10,585,"2020","10","10"
"USGS","02098206",2020-10-11,595,"2020","10","11"
"USGS","02098206",2020-10-12,951,"2020","10","12"
"USGS","02098206",2020-10-13,2480,"2020","10","13"
"USGS","02098206",2020-10-14,2960,"2020","10","14"
"USGS","02098206",2020-10-15,2970,"2020","10","15"
"USGS","02098206",2020-10-16,2980,"2020","10","16"
"USGS","02098206",2020-10-17,2900,"2020","10","17"
"USGS","02098206",2020-10-18,2930,"2020","10","18"
"USGS","02098206",2020-10-19,3050,"2020","10","19"
"USGS","02098206",2020-10-20,3150,"2020","10","20"
"USGS","02098206",2020-10-21,2090,"2020","10","21"
"USGS","02098206",2020-10-22,969,"2020","10","22"
"USGS","02098206",2020-10-23,829,"2020","10","23"
"USGS","02098206",2020-10-24,575,"2020","10","24"
"USGS","02098206",2020-10-25,664,"2020","10","25"
"USGS","02098206",2020-10-26,539,"2020","10","26"
"USGS","02098206",2020-10-27,425,"2020","10","27"
"USGS","02098206",2020-10-28,1030,"2020","10","28"
"USGS","02098206",2020-10-29,1600,"2020","10","29"
"USGS","02098206",2020-10-30,2390,"2020","10","30"
"USGS","02098206",2020-10-31,3080,"2020","10","31"
"USGS","02098206",2020-11-01,3150,"2020","11","01"
"USGS","02098206",2020-11-02,3150,"2020","11","02"
"USGS","02098206",2020-11-03,2610,"2020","11","03"
"USGS","02098206",2020-11-04,1180,"2020","11","04"
"USGS","02098206",2020-11-05,606,"2020","11","05"
"USGS","02098206",2020-11-06,593,"2020","11","06"
"USGS","02098206",2020-11-07,569,"2020","11","07"
"USGS","02098206",2020-11-08,575,"2020","11","08"
"USGS","02098206",2020-11-09,560,"2020","11","09"
"USGS","02098206",2020-11-10,452,"2020","11","10"
"USGS","02098206",2020-11-11,260,"2020","11","11"
"USGS","02098206",2020-11-12,173,"2020","11","12"
"USGS","02098206",2020-11-13,172,"2020","11","13"
"USGS","02098206",2020-11-14,136,"2020","11","14"
"USGS","02098206",2020-11-15,1460,"2020","11","15"
"USGS","02098206",2020-11-16,4090,"2020","11","16"
"USGS","02098206",2020-11-17,6790,"2020","11","17"
"USGS","02098206",2020-11-18,7910,"2020","11","18"
"USGS","02098206",2020-11-19,8750,"2020","11","19"
"USGS","02098206",2020-11-20,10100,"2020","11","20"
"USGS","02098206",2020-11-21,10000,"2020","11","21"
"USGS","02098206",2020-11-22,9950,"2020","11","22"
"USGS","02098206",2020-11-23,7770,"2020","11","23"
"USGS","02098206",2020-11-24,6220,"2020","11","24"
"USGS","02098206",2020-11-25,4800,"2020","11","25"
"USGS","02098206",2020-11-26,3070,"2020","11","26"
"USGS","02098206",2020-11-27,3030,"2020","11","27"
"USGS","02098206",2020-11-28,3080,"2020","11","28"
"USGS","02098206",2020-11-29,3050,"2020","11","29"
"USGS","02098206",2020-11-30,2980,"2020","11","30"
"USGS","02098206",2020-12-01,3660,"2020","12","01"
"USGS","02098206",2020-12-02,5460,"2020","12","02"
"USGS","02098206",2020-12-03,5430,"2020","12","03"
"USGS","02098206",2020-12-04,5490,"2020","12","04"
"USGS","02098206",2020-12-05,5400,"2020","12","05"
"USGS","02098206",2020-12-06,5380,"2020","12","06"
"USGS","02098206",2020-12-07,5320,"2020","12","07"
"USGS","02098206",2020-12-08,5270,"2020","12","08"
"USGS","02098206",2020-12-09,4320,"2020","12","09"
"USGS","02098206",2020-12-10,2980,"2020","12","10"
"USGS","02098206",2020-12-11,2650,"2020","12","11"
"USGS","02098206",2020-12-12,2120,"2020","12","12"
"USGS","02098206",2020-12-13,2060,"2020","12","13"
"USGS","02098206",2020-12-14,2130,"2020","12","14"
"USGS","02098206",2020-12-15,2270,"2020","12","15"
"USGS","02098206",2020-12-16,2820,"2020","12","16"
"USGS","02098206",2020-12-17,3260,"2020","12","17"
"USGS","02098206",2020-12-18,5660,"2020","12","18"
"USGS","02098206",2020-12-19,7570,"2020","12","19"
"USGS","02098206",2020-12-20,7540,"2020","12","20"
"USGS","02098206",2020-12-21,7430,"2020","12","21"
"USGS","02098206",2020-12-22,7340,"2020","12","22"
"USGS","02098206",2020-12-23,6440,"2020","12","23"
"USGS","02098206",2020-12-24,5520,"2020","12","24"
"USGS","02098206",2020-12-25,5480,"2020","12","25"
"USGS","02098206",2020-12-26,6260,"2020","12","26"
"USGS","02098206",2020-12-27,8240,"2020","12","27"
"USGS","02098206",2020-12-28,8130,"2020","12","28"
"USGS","02098206",2020-12-29,8080,"2020","12","29"
"USGS","02098206",2020-12-30,8040,"2020","12","30"
"USGS","02098206",2020-12-31,7610,"2020","12","31"
"USGS","02098206",2021-01-01,6570,"2021","01","01"
"USGS","02098206",2021-01-02,7100,"2021","01","02"
"USGS","02098206",2021-01-03,5720,"2021","01","03"
"USGS","02098206",2021-01-04,2720,"2021","01","04"
"USGS","02098206",2021-01-05,5150,"2021","01","05"
"USGS","02098206",2021-01-06,8640,"2021","01","06"
"USGS","02098206",2021-01-07,9430,"2021","01","07"
"USGS","02098206",2021-01-08,7620,"2021","01","08"
"USGS","02098206",2021-01-09,5540,"2021","01","09"
"USGS","02098206",2021-01-10,5510,"2021","01","10"
"USGS","02098206",2021-01-11,4180,"2021","01","11"
"USGS","02098206",2021-01-12,1380,"2021","01","12"
"USGS","02098206",2021-01-13,811,"2021","01","13"
"USGS","02098206",2021-01-14,567,"2021","01","14"
"USGS","02098206",2021-01-15,575,"2021","01","15"
"USGS","02098206",2021-01-16,892,"2021","01","16"
"USGS","02098206",2021-01-17,1400,"2021","01","17"
"USGS","02098206",2021-01-18,1360,"2021","01","18"
"USGS","02098206",2021-01-19,1320,"2021","01","19"
"USGS","02098206",2021-01-20,1380,"2021","01","20"
"USGS","02098206",2021-01-21,1360,"2021","01","21"
"USGS","02098206",2021-01-22,1090,"2021","01","22"
"USGS","02098206",2021-01-23,770,"2021","01","23"
"USGS","02098206",2021-01-24,750,"2021","01","24"
"USGS","02098206",2021-01-25,726,"2021","01","25"
"USGS","02098206",2021-01-26,724,"2021","01","26"
"USGS","02098206",2021-01-27,1430,"2021","01","27"
"USGS","02098206",2021-01-28,2550,"2021","01","28"
"USGS","02098206",2021-01-29,2550,"2021","01","29"
"USGS","02098206",2021-01-30,2730,"2021","01","30"
"USGS","02098206",2021-01-31,3310,"2021","01","31"
"USGS","02098206",2021-02-01,4830,"2021","02","01"
"USGS","02098206",2021-02-02,6700,"2021","02","02"
"USGS","02098206",2021-02-03,8780,"2021","02","03"
"USGS","02098206",2021-02-04,9330,"2021","02","04"
"USGS","02098206",2021-02-05,9250,"2021","02","05"
"USGS","02098206",2021-02-06,9170,"2021","02","06"
"USGS","02098206",2021-02-07,9000,"2021","02","07"
"USGS","02098206",2021-02-08,5840,"2021","02","08"
"USGS","02098206",2021-02-09,2500,"2021","02","09"
"USGS","02098206",2021-02-10,1620,"2021","02","10"
"USGS","02098206",2021-02-11,1700,"2021","02","11"
"USGS","02098206",2021-02-12,1640,"2021","02","12"
"USGS","02098206",2021-02-13,2290,"2021","02","13"
"USGS","02098206",2021-02-14,4250,"2021","02","14"
"USGS","02098206",2021-02-15,2030,"2021","02","15"
"USGS","02098206",2021-02-16,111,"2021","02","16"
"USGS","02098206",2021-02-17,223,"2021","02","17"
"USGS","02098206",2021-02-18,246,"2021","02","18"
"USGS","02098206",2021-02-19,200,"2021","02","19"
"USGS","02098206",2021-02-20,256,"2021","02","20"
"USGS","02098206",2021-02-21,958,"2021","02","21"
"USGS","02098206",2021-02-22,1970,"2021","02","22"
"USGS","02098206",2021-02-23,3540,"2021","02","23"
"USGS","02098206",2021-02-24,5190,"2021","02","24"
"USGS","02098206",2021-02-25,6720,"2021","02","25"
"USGS","02098206",2021-02-26,8320,"2021","02","26"
"USGS","02098206",2021-02-27,9950,"2021","02","27"
"USGS","02098206",2021-02-28,11700,"2021","02","28"
"USGS","02098206",2021-03-01,12500,"2021","03","01"
"USGS","02098206",2021-03-02,12200,"2021","03","02"
"USGS","02098206",2021-03-03,12200,"2021","03","03"
"USGS","02098206",2021-03-04,12000,"2021","03","04"
"USGS","02098206",2021-03-05,11900,"2021","03","05"
"USGS","02098206",2021-03-06,11800,"2021","03","06"
"USGS","02098206",2021-03-07,11700,"2021","03","07"
"USGS","02098206",2021-03-08,11300,"2021","03","08"
"USGS","02098206",2021-03-09,10200,"2021","03","09"
"USGS","02098206",2021-03-10,6210,"2021","03","10"
"USGS","02098206",2021-03-11,2880,"2021","03","11"
"USGS","02098206",2021-03-12,5990,"2021","03","12"
"USGS","02098206",2021-03-13,5750,"2021","03","13"
"USGS","02098206",2021-03-14,5700,"2021","03","14"
"USGS","02098206",2021-03-15,3780,"2021","03","15"
"USGS","02098206",2021-03-16,2390,"2021","03","16"
"USGS","02098206",2021-03-17,2290,"2021","03","17"
"USGS","02098206",2021-03-18,2360,"2021","03","18"
"USGS","02098206",2021-03-19,2380,"2021","03","19"
"USGS","02098206",2021-03-20,2320,"2021","03","20"
"USGS","02098206",2021-03-21,2290,"2021","03","21"
"USGS","02098206",2021-03-22,3030,"2021","03","22"
"USGS","02098206",2021-03-23,3860,"2021","03","23"
"USGS","02098206",2021-03-24,3930,"2021","03","24"
"USGS","02098206",2021-03-25,2770,"2021","03","25"
"USGS","02098206",2021-03-26,3160,"2021","03","26"
"USGS","02098206",2021-03-27,4050,"2021","03","27"
"USGS","02098206",2021-03-28,4070,"2021","03","28"
"USGS","02098206",2021-03-29,5870,"2021","03","29"
"USGS","02098206",2021-03-30,9500,"2021","03","30"
"USGS","02098206",2021-03-31,9360,"2021","03","31"
"USGS","02098206",2021-04-01,9100,"2021","04","01"
"USGS","02098206",2021-04-02,7210,"2021","04","02"
"USGS","02098206",2021-04-03,2020,"2021","04","03"
"USGS","02098206",2021-04-04,637,"2021","04","04"
"USGS","02098206",2021-04-05,1160,"2021","04","05"
"USGS","02098206",2021-04-06,1520,"2021","04","06"
"USGS","02098206",2021-04-07,1580,"2021","04","07"
"USGS","02098206",2021-04-08,1590,"2021","04","08"
"USGS","02098206",2021-04-09,2230,"2021","04","09"
"USGS","02098206",2021-04-10,2620,"2021","04","10"
"USGS","02098206",2021-04-11,2620,"2021","04","11"
"USGS","02098206",2021-04-12,3020,"2021","04","12"
"USGS","02098206",2021-04-13,3200,"2021","04","13"
"USGS","02098206",2021-04-14,2210,"2021","04","14"
"USGS","02098206",2021-04-15,1210,"2021","04","15"
"USGS","02098206",2021-04-16,1440,"2021","04","16"
"USGS","02098206",2021-04-17,1620,"2021","04","17"
"USGS","02098206",2021-04-18,1480,"2021","04","18"
"USGS","02098206",2021-04-19,883,"2021","04","19"
"USGS","02098206",2021-04-20,506,"2021","04","20"
"USGS","02098206",2021-04-21,407,"2021","04","21"
"USGS","02098206",2021-04-22,410,"2021","04","22"
"USGS","02098206",2021-04-23,394,"2021","04","23"
"USGS","02098206",2021-04-24,393,"2021","04","24"
"USGS","02098206",2021-04-25,368,"2021","04","25"
"USGS","02098206",2021-04-26,451,"2021","04","26"
"USGS","02098206",2021-04-27,565,"2021","04","27"
"USGS","02098206",2021-04-28,559,"2021","04","28"
"USGS","02098206",2021-04-29,1010,"2021","04","29"
"USGS","02098206",2021-04-30,1330,"2021","04","30"
"USGS","02098206",2021-05-01,1330,"2021","05","01"
"USGS","02098206",2021-05-02,822,"2021","05","02"
"USGS","02098206",2021-05-03,568,"2021","05","03"
"USGS","02098206",2021-05-04,547,"2021","05","04"
"USGS","02098206",2021-05-05,556,"2021","05","05"
"USGS","02098206",2021-05-06,892,"2021","05","06"
"USGS","02098206",2021-05-07,1590,"2021","05","07"
"USGS","02098206",2021-05-08,1590,"2021","05","08"
"USGS","02098206",2021-05-09,1590,"2021","05","09"
"USGS","02098206",2021-05-10,996,"2021","05","10"
"USGS","02098206",2021-05-11,551,"2021","05","11"
"USGS","02098206",2021-05-12,586,"2021","05","12"
"USGS","02098206",2021-05-13,789,"2021","05","13"
"USGS","02098206",2021-05-14,1110,"2021","05","14"
"USGS","02098206",2021-05-15,749,"2021","05","15"
"USGS","02098206",2021-05-16,572,"2021","05","16"
"USGS","02098206",2021-05-17,560,"2021","05","17"
"USGS","02098206",2021-05-18,498,"2021","05","18"
"USGS","02098206",2021-05-19,433,"2021","05","19"
"USGS","02098206",2021-05-20,377,"2021","05","20"
"USGS","02098206",2021-05-21,313,"2021","05","21"
"USGS","02098206",2021-05-22,360,"2021","05","22"
"USGS","02098206",2021-05-23,410,"2021","05","23"
"USGS","02098206",2021-05-24,401,"2021","05","24"
"USGS","02098206",2021-05-25,413,"2021","05","25"
"USGS","02098206",2021-05-26,377,"2021","05","26"
"USGS","02098206",2021-05-27,368,"2021","05","27"
"USGS","02098206",2021-05-28,406,"2021","05","28"
"USGS","02098206",2021-05-29,400,"2021","05","29"
"USGS","02098206",2021-05-30,408,"2021","05","30"
"USGS","02098206",2021-05-31,413,"2021","05","31"
"USGS","02098206",2021-06-01,412,"2021","06","01"
"USGS","02098206",2021-06-02,431,"2021","06","02"
"USGS","02098206",2021-06-03,428,"2021","06","03"
"USGS","02098206",2021-06-04,526,"2021","06","04"
"USGS","02098206",2021-06-05,1120,"2021","06","05"
"USGS","02098206",2021-06-06,1370,"2021","06","06"
"USGS","02098206",2021-06-07,1380,"2021","06","07"
"USGS","02098206",2021-06-08,1120,"2021","06","08"
"USGS","02098206",2021-06-09,800,"2021","06","09"
"USGS","02098206",2021-06-10,774,"2021","06","10"
"USGS","02098206",2021-06-11,1170,"2021","06","11"
"USGS","02098206",2021-06-12,1320,"2021","06","12"
"USGS","02098206",2021-06-13,1350,"2021","06","13"
"USGS","02098206",2021-06-14,2140,"2021","06","14"
"USGS","02098206",2021-06-15,2640,"2021","06","15"
"USGS","02098206",2021-06-16,2770,"2021","06","16"
"USGS","02098206",2021-06-17,1200,"2021","06","17"
"USGS","02098206",2021-06-18,452,"2021","06","18"
"USGS","02098206",2021-06-19,483,"2021","06","19"
"USGS","02098206",2021-06-20,490,"2021","06","20"
"USGS","02098206",2021-06-21,470,"2021","06","21"
"USGS","02098206",2021-06-22,445,"2021","06","22"
"USGS","02098206",2021-06-23,445,"2021","06","23"
"USGS","02098206",2021-06-24,473,"2021","06","24"
"USGS","02098206",2021-06-25,473,"2021","06","25"
"USGS","02098206",2021-06-26,480,"2021","06","26"
"USGS","02098206",2021-06-27,477,"2021","06","27"
"USGS","02098206",2021-06-28,489,"2021","06","28"
"USGS","02098206",2021-06-29,484,"2021","06","29"
"USGS","02098206",2021-06-30,483,"2021","06","30"
"USGS","02098206",2021-07-01,483,"2021","07","01"
"USGS","02098206",2021-07-02,498,"2021","07","02"
"USGS","02098206",2021-07-03,475,"2021","07","03"
"USGS","02098206",2021-07-04,490,"2021","07","04"
"USGS","02098206",2021-07-05,495,"2021","07","05"
"USGS","02098206",2021-07-06,505,"2021","07","06"
"USGS","02098206",2021-07-07,515,"2021","07","07"
"USGS","02098206",2021-07-08,491,"2021","07","08"
"USGS","02098206",2021-07-09,1910,"2021","07","09"
"USGS","02098206",2021-07-10,3220,"2021","07","10"
"USGS","02098206",2021-07-11,3260,"2021","07","11"
"USGS","02098206",2021-07-12,2970,"2021","07","12"
"USGS","02098206",2021-07-13,2180,"2021","07","13"
"USGS","02098206",2021-07-14,913,"2021","07","14"
"USGS","02098206",2021-07-15,445,"2021","07","15"
"USGS","02098206",2021-07-16,447,"2021","07","16"
"USGS","02098206",2021-07-17,437,"2021","07","17"
"USGS","02098206",2021-07-18,439,"2021","07","18"
"USGS","02098206",2021-07-19,1030,"2021","07","19"
"USGS","02098206",2021-07-20,2650,"2021","07","20"
"USGS","02098206",2021-07-21,3960,"2021","07","21"
"USGS","02098206",2021-07-22,4040,"2021","07","22"
"USGS","02098206",2021-07-23,1580,"2021","07","23"
"USGS","02098206",2021-07-24,515,"2021","07","24"
"USGS","02098206",2021-07-25,554,"2021","07","25"
"USGS","02098206",2021-07-26,558,"2021","07","26"
"USGS","02098206",2021-07-27,572,"2021","07","27"
"USGS","02098206",2021-07-28,564,"2021","07","28"
"USGS","02098206",2021-07-29,537,"2021","07","29"
"USGS","02098206",2021-07-30,445,"2021","07","30"
"USGS","02098206",2021-07-31,439,"2021","07","31"
"USGS","02098206",2021-08-01,444,"2021","08","01"
"USGS","02098206",2021-08-02,432,"2021","08","02"
"USGS","02098206",2021-08-03,465,"2021","08","03"
"USGS","02098206",2021-08-04,463,"2021","08","04"
"USGS","02098206",2021-08-05,465,"2021","08","05"
"USGS","02098206",2021-08-06,456,"2021","08","06"
"USGS","02098206",2021-08-07,467,"2021","08","07"
"USGS","02098206",2021-08-08,477,"2021","08","08"
"USGS","02098206",2021-08-09,408,"2021","08","09"
"USGS","02098206",2021-08-10,419,"2021","08","10"
"USGS","02098206",2021-08-11,421,"2021","08","11"
"USGS","02098206",2021-08-12,425,"2021","08","12"
"USGS","02098206",2021-08-13,430,"2021","08","13"
"USGS","02098206",2021-08-14,442,"2021","08","14"
"USGS","02098206",2021-08-15,460,"2021","08","15"
"USGS","02098206",2021-08-16,464,"2021","08","16"
"USGS","02098206",2021-08-17,783,"2021","08","17"
"USGS","02098206",2021-08-18,1360,"2021","08","18"
"USGS","02098206",2021-08-19,1550,"2021","08","19"
"USGS","02098206",2021-08-20,1560,"2021","08","20"
"USGS","02098206",2021-08-21,1560,"2021","08","21"
"USGS","02098206",2021-08-22,1560,"2021","08","22"
"USGS","02098206",2021-08-23,1560,"2021","08","23"
"USGS","02098206",2021-08-24,1550,"2021","08","24"
"USGS","02098206",2021-08-25,1450,"2021","08","25"
"USGS","02098206",2021-08-26,798,"2021","08","26"
"USGS","02098206",2021-08-27,502,"2021","08","27"
"USGS","02098206",2021-08-28,477,"2021","08","28"
"USGS","02098206",2021-08-29,477,"2021","08","29"
"USGS","02098206",2021-08-30,485,"2021","08","30"
"USGS","02098206",2021-08-31,484,"2021","08","31"
"USGS","02098206",2021-09-01,467,"2021","09","01"
"USGS","02098206",2021-09-02,564,"2021","09","02"
"USGS","02098206",2021-09-03,561,"2021","09","03"
"USGS","02098206",2021-09-04,566,"2021","09","04"
"USGS","02098206",2021-09-05,519,"2021","09","05"
"USGS","02098206",2021-09-06,507,"2021","09","06"
"USGS","02098206",2021-09-07,529,"2021","09","07"
"USGS","02098206",2021-09-08,514,"2021","09","08"
"USGS","02098206",2021-09-09,520,"2021","09","09"
"USGS","02098206",2021-09-10,518,"2021","09","10"
"USGS","02098206",2021-09-11,526,"2021","09","11"
"USGS","02098206",2021-09-12,526,"2021","09","12"
"USGS","02098206",2021-09-13,528,"2021","09","13"
"USGS","02098206",2021-09-14,531,"2021","09","14"
"USGS","02098206",2021-09-15,527,"2021","09","15"
"USGS","02098206",2021-09-16,525,"2021","09","16"
"USGS","02098206",2021-09-17,514,"2021","09","17"
"USGS","02098206",2021-09-18,517,"2021","09","18"
"USGS","02098206",2021-09-19,537,"2021","09","19"
"USGS","02098206",2021-09-20,535,"2021","09","20"
"USGS","02098206",2021-09-21,546,"2021","09","21"
"USGS","02098206",2021-09-22,532,"2021","09","22"
"USGS","02098206",2021-09-23,444,"2021","09","23"
"USGS","02098206",2021-09-24,406,"2021","09","24"
"USGS","02098206",2021-09-25,307,"2021","09","25"
"USGS","02098206",2021-09-26,281,"2021","09","26"
"USGS","02098206",2021-09-27,290,"2021","09","27"
"USGS","02098206",2021-09-28,296,"2021","09","28"
"USGS","02098206",2021-09-29,287,"2021","09","29"
"USGS","02098206",2021-09-30,309,"2021","09","30"
"USGS","02098206",2021-10-01,375,"2021","10","01"
"USGS","02098206",2021-10-02,373,"2021","10","02"
"USGS","02098206",2021-10-03,456,"2021","10","03"
"USGS","02098206",2021-10-04,510,"2021","10","04"
"USGS","02098206",2021-10-05,510,"2021","10","05"
"USGS","02098206",2021-10-06,524,"2021","10","06"
"USGS","02098206",2021-10-07,513,"2021","10","07"
"USGS","02098206",2021-10-08,513,"2021","10","08"
"USGS","02098206",2021-10-09,457,"2021","10","09"
"USGS","02098206",2021-10-10,510,"2021","10","10"
"USGS","02098206",2021-10-11,507,"2021","10","11"
"USGS","02098206",2021-10-12,420,"2021","10","12"
"USGS","02098206",2021-10-13,311,"2021","10","13"
"USGS","02098206",2021-10-14,316,"2021","10","14"
"USGS","02098206",2021-10-15,316,"2021","10","15"
"USGS","02098206",2021-10-16,350,"2021","10","16"
"USGS","02098206",2021-10-17,377,"2021","10","17"
"USGS","02098206",2021-10-18,370,"2021","10","18"
"USGS","02098206",2021-10-19,391,"2021","10","19"
"USGS","02098206",2021-10-20,419,"2021","10","20"
"USGS","02098206",2021-10-21,481,"2021","10","21"
"USGS","02098206",2021-10-22,482,"2021","10","22"
"USGS","02098206",2021-10-23,485,"2021","10","23"
"USGS","02098206",2021-10-24,486,"2021","10","24"
"USGS","02098206",2021-10-25,486,"2021","10","25"
"USGS","02098206",2021-10-26,474,"2021","10","26"
"USGS","02098206",2021-10-27,482,"2021","10","27"
"USGS","02098206",2021-10-28,475,"2021","10","28"
"USGS","02098206",2021-10-29,477,"2021","10","29"
"USGS","02098206",2021-10-30,490,"2021","10","30"
"USGS","02098206",2021-10-31,472,"2021","10","31"
"USGS","02098206",2021-11-01,513,"2021","11","01"
"USGS","02098206",2021-11-02,467,"2021","11","02"
"USGS","02098206",2021-11-03,428,"2021","11","03"
"USGS","02098206",2021-11-04,450,"2021","11","04"
"USGS","02098206",2021-11-05,440,"2021","11","05"
"USGS","02098206",2021-11-06,424,"2021","11","06"
"USGS","02098206",2021-11-07,427,"2021","11","07"
"USGS","02098206",2021-11-08,424,"2021","11","08"
"USGS","02098206",2021-11-09,467,"2021","11","09"
"USGS","02098206",2021-11-10,597,"2021","11","10"
"USGS","02098206",2021-11-11,605,"2021","11","11"
"USGS","02098206",2021-11-12,595,"2021","11","12"
"USGS","02098206",2021-11-13,613,"2021","11","13"
"USGS","02098206",2021-11-14,615,"2021","11","14"
"USGS","02098206",2021-11-15,556,"2021","11","15"
"USGS","02098206",2021-11-16,495,"2021","11","16"
"USGS","02098206",2021-11-17,492,"2021","11","17"
"USGS","02098206",2021-11-18,497,"2021","11","18"
"USGS","02098206",2021-11-19,488,"2021","11","19"
"USGS","02098206",2021-11-20,494,"2021","11","20"
"USGS","02098206",2021-11-21,488,"2021","11","21"
"USGS","02098206",2021-11-22,477,"2021","11","22"
"USGS","02098206",2021-11-23,484,"2021","11","23"
"USGS","02098206",2021-11-24,459,"2021","11","24"
"USGS","02098206",2021-11-25,427,"2021","11","25"
"USGS","02098206",2021-11-26,419,"2021","11","26"
"USGS","02098206",2021-11-27,420,"2021","11","27"
"USGS","02098206",2021-11-28,418,"2021","11","28"
"USGS","02098206",2021-11-29,424,"2021","11","29"
"USGS","02098206",2021-11-30,422,"2021","11","30"
"USGS","02098206",2021-12-01,390,"2021","12","01"
"USGS","02098206",2021-12-02,317,"2021","12","02"
"USGS","02098206",2021-12-03,316,"2021","12","03"
"USGS","02098206",2021-12-04,334,"2021","12","04"
"USGS","02098206",2021-12-05,314,"2021","12","05"
"USGS","02098206",2021-12-06,321,"2021","12","06"
"USGS","02098206",2021-12-07,314,"2021","12","07"
"USGS","02098206",2021-12-08,337,"2021","12","08"
"USGS","02098206",2021-12-09,315,"2021","12","09"
"USGS","02098206",2021-12-10,325,"2021","12","10"
"USGS","02098206",2021-12-11,322,"2021","12","11"
"USGS","02098206",2021-12-12,312,"2021","12","12"
"USGS","02098206",2021-12-13,316,"2021","12","13"
"USGS","02098206",2021-12-14,321,"2021","12","14"
"USGS","02098206",2021-12-15,288,"2021","12","15"
"USGS","02098206",2021-12-16,245,"2021","12","16"
"USGS","02098206",2021-12-17,246,"2021","12","17"
"USGS","02098206",2021-12-18,248,"2021","12","18"
"USGS","02098206",2021-12-19,265,"2021","12","19"
"USGS","02098206",2021-12-20,260,"2021","12","20"
"USGS","02098206",2021-12-21,269,"2021","12","21"
"USGS","02098206",2021-12-22,258,"2021","12","22"
"USGS","02098206",2021-12-23,239,"2021","12","23"
"USGS","02098206",2021-12-24,235,"2021","12","24"
"USGS","02098206",2021-12-25,228,"2021","12","25"
"USGS","02098206",2021-12-26,235,"2021","12","26"
"USGS","02098206",2021-12-27,234,"2021","12","27"
"USGS","02098206",2021-12-28,214,"2021","12","28"
"USGS","02098206",2021-12-29,216,"2021","12","29"
"USGS","02098206",2021-12-30,214,"2021","12","30"
"USGS","02098206",2021-12-31,208,"2021","12","31"
"USGS","02098206",2022-01-01,217,"2022","01","01"
"USGS","02098206",2022-01-02,234,"2022","01","02"
"USGS","02098206",2022-01-03,325,"2022","01","03"
"USGS","02098206",2022-01-04,2110,"2022","01","04"
"USGS","02098206",2022-01-05,5470,"2022","01","05"
"USGS","02098206",2022-01-06,2940,"2022","01","06"
"USGS","02098206",2022-01-07,2790,"2022","01","07"
"USGS","02098206",2022-01-08,2920,"2022","01","08"
"USGS","02098206",2022-01-09,2700,"2022","01","09"
"USGS","02098206",2022-01-10,2770,"2022","01","10"
"USGS","02098206",2022-01-11,3970,"2022","01","11"
"USGS","02098206",2022-01-12,3320,"2022","01","12"
"USGS","02098206",2022-01-13,2620,"2022","01","13"
"USGS","02098206",2022-01-14,1740,"2022","01","14"
"USGS","02098206",2022-01-15,1700,"2022","01","15"
"USGS","02098206",2022-01-16,1420,"2022","01","16"
"USGS","02098206",2022-01-17,920,"2022","01","17"
"USGS","02098206",2022-01-18,517,"2022","01","18"
"USGS","02098206",2022-01-19,1470,"2022","01","19"
"USGS","02098206",2022-01-20,2190,"2022","01","20"
"USGS","02098206",2022-01-21,3120,"2022","01","21"
"USGS","02098206",2022-01-22,3270,"2022","01","22"
"USGS","02098206",2022-01-23,3260,"2022","01","23"
"USGS","02098206",2022-01-24,3270,"2022","01","24"
"USGS","02098206",2022-01-25,3080,"2022","01","25"
"USGS","02098206",2022-01-26,2660,"2022","01","26"
"USGS","02098206",2022-01-27,1460,"2022","01","27"
"USGS","02098206",2022-01-28,547,"2022","01","28"
"USGS","02098206",2022-01-29,610,"2022","01","29"
"USGS","02098206",2022-01-30,613,"2022","01","30"
"USGS","02098206",2022-01-31,641,"2022","01","31"
"USGS","02098206",2022-02-01,633,"2022","02","01"
"USGS","02098206",2022-02-02,625,"2022","02","02"
"USGS","02098206",2022-02-03,623,"2022","02","03"
"USGS","02098206",2022-02-04,1100,"2022","02","04"
"USGS","02098206",2022-02-05,1450,"2022","02","05"
"USGS","02098206",2022-02-06,1480,"2022","02","06"
"USGS","02098206",2022-02-07,2210,"2022","02","07"
"USGS","02098206",2022-02-08,3200,"2022","02","08"
"USGS","02098206",2022-02-09,3190,"2022","02","09"
"USGS","02098206",2022-02-10,1700,"2022","02","10"
"USGS","02098206",2022-02-11,563,"2022","02","11"
"USGS","02098206",2022-02-12,581,"2022","02","12"
"USGS","02098206",2022-02-13,603,"2022","02","13"
"USGS","02098206",2022-02-14,582,"2022","02","14"
"USGS","02098206",2022-02-15,715,"2022","02","15"
"USGS","02098206",2022-02-16,866,"2022","02","16"
"USGS","02098206",2022-02-17,738,"2022","02","17"
"USGS","02098206",2022-02-18,589,"2022","02","18"
"USGS","02098206",2022-02-19,556,"2022","02","19"
"USGS","02098206",2022-02-20,545,"2022","02","20"
"USGS","02098206",2022-02-21,536,"2022","02","21"
"USGS","02098206",2022-02-22,541,"2022","02","22"
"USGS","02098206",2022-02-23,1060,"2022","02","23"
"USGS","02098206",2022-02-24,1470,"2022","02","24"
"USGS","02098206",2022-02-25,1980,"2022","02","25"
"USGS","02098206",2022-02-26,2650,"2022","02","26"
"USGS","02098206",2022-02-27,2610,"2022","02","27"
"USGS","02098206",2022-02-28,2860,"2022","02","28"
"USGS","02098206",2022-03-01,3030,"2022","03","01"
"USGS","02098206",2022-03-02,2570,"2022","03","02"
"USGS","02098206",2022-03-03,1290,"2022","03","03"
"USGS","02098206",2022-03-04,408,"2022","03","04"
"USGS","02098206",2022-03-05,602,"2022","03","05"
"USGS","02098206",2022-03-06,673,"2022","03","06"
"USGS","02098206",2022-03-07,655,"2022","03","07"
"USGS","02098206",2022-03-08,568,"2022","03","08"
"USGS","02098206",2022-03-09,559,"2022","03","09"
"USGS","02098206",2022-03-10,2550,"2022","03","10"
"USGS","02098206",2022-03-11,6220,"2022","03","11"
"USGS","02098206",2022-03-12,6110,"2022","03","12"
"USGS","02098206",2022-03-13,6080,"2022","03","13"
"USGS","02098206",2022-03-14,6200,"2022","03","14"
"USGS","02098206",2022-03-15,6290,"2022","03","15"
"USGS","02098206",2022-03-16,6300,"2022","03","16"
"USGS","02098206",2022-03-17,2670,"2022","03","17"
"USGS","02098206",2022-03-18,564,"2022","03","18"
"USGS","02098206",2022-03-19,1380,"2022","03","19"
"USGS","02098206",2022-03-20,3010,"2022","03","20"
"USGS","02098206",2022-03-21,4930,"2022","03","21"
"USGS","02098206",2022-03-22,5520,"2022","03","22"
"USGS","02098206",2022-03-23,4320,"2022","03","23"
"USGS","02098206",2022-03-24,5340,"2022","03","24"
"USGS","02098206",2022-03-25,6760,"2022","03","25"
"USGS","02098206",2022-03-26,6700,"2022","03","26"
"USGS","02098206",2022-03-27,6630,"2022","03","27"
"USGS","02098206",2022-03-28,5220,"2022","03","28"
"USGS","02098206",2022-03-29,3290,"2022","03","29"
"USGS","02098206",2022-03-30,3280,"2022","03","30"
"USGS","02098206",2022-03-31,3300,"2022","03","31"
"USGS","02098206",2022-04-01,3200,"2022","04","01"
"USGS","02098206",2022-04-02,3230,"2022","04","02"
"USGS","02098206",2022-04-03,3190,"2022","04","03"
"USGS","02098206",2022-04-04,2880,"2022","04","04"
"USGS","02098206",2022-04-05,2380,"2022","04","05"
"USGS","02098206",2022-04-06,1550,"2022","04","06"
"USGS","02098206",2022-04-07,1110,"2022","04","07"
"USGS","02098206",2022-04-08,1270,"2022","04","08"
"USGS","02098206",2022-04-09,525,"2022","04","09"
"USGS","02098206",2022-04-10,558,"2022","04","10"
"USGS","02098206",2022-04-11,1200,"2022","04","11"
"USGS","02098206",2022-04-12,1570,"2022","04","12"
"USGS","02098206",2022-04-13,850,"2022","04","13"
"USGS","02098206",2022-04-14,563,"2022","04","14"
"USGS","02098206",2022-04-15,558,"2022","04","15"
"USGS","02098206",2022-04-16,560,"2022","04","16"
"USGS","02098206",2022-04-17,556,"2022","04","17"
"USGS","02098206",2022-04-18,536,"2022","04","18"
"USGS","02098206",2022-04-19,3990,"2022","04","19"
"USGS","02098206",2022-04-20,6590,"2022","04","20"
"USGS","02098206",2022-04-21,4220,"2022","04","21"
"USGS","02098206",2022-04-22,844,"2022","04","22"
"USGS","02098206",2022-04-23,512,"2022","04","23"
"USGS","02098206",2022-04-24,505,"2022","04","24"
"USGS","02098206",2022-04-25,1170,"2022","04","25"
"USGS","02098206",2022-04-26,1510,"2022","04","26"
"USGS","02098206",2022-04-27,1160,"2022","04","27"
"USGS","02098206",2022-04-28,544,"2022","04","28"
"USGS","02098206",2022-04-29,549,"2022","04","29"
"USGS","02098206",2022-04-30,529,"2022","04","30"
"USGS","02098206",2022-05-01,530,"2022","05","01"
"USGS","02098206",2022-05-02,460,"2022","05","02"
"USGS","02098206",2022-05-03,425,"2022","05","03"
"USGS","02098206",2022-05-04,410,"2022","05","04"
"USGS","02098206",2022-05-05,437,"2022","05","05"
"USGS","02098206",2022-05-06,454,"2022","05","06"
"USGS","02098206",2022-05-07,450,"2022","05","07"
"USGS","02098206",2022-05-08,439,"2022","05","08"
"USGS","02098206",2022-05-09,1040,"2022","05","09"
"USGS","02098206",2022-05-10,1440,"2022","05","10"
"USGS","02098206",2022-05-11,1110,"2022","05","11"
"USGS","02098206",2022-05-12,727,"2022","05","12"
"USGS","02098206",2022-05-13,725,"2022","05","13"
"USGS","02098206",2022-05-14,734,"2022","05","14"
"USGS","02098206",2022-05-15,556,"2022","05","15"
"USGS","02098206",2022-05-16,516,"2022","05","16"
"USGS","02098206",2022-05-17,594,"2022","05","17"
"USGS","02098206",2022-05-18,527,"2022","05","18"
"USGS","02098206",2022-05-19,430,"2022","05","19"
"USGS","02098206",2022-05-20,436,"2022","05","20"
"USGS","02098206",2022-05-21,438,"2022","05","21"
"USGS","02098206",2022-05-22,479,"2022","05","22"
"USGS","02098206",2022-05-23,452,"2022","05","23"
"USGS","02098206",2022-05-24,356,"2022","05","24"
"USGS","02098206",2022-05-25,1920,"2022","05","25"
"USGS","02098206",2022-05-26,5960,"2022","05","26"
"USGS","02098206",2022-05-27,5090,"2022","05","27"
"USGS","02098206",2022-05-28,4900,"2022","05","28"
"USGS","02098206",2022-05-29,5280,"2022","05","29"
"USGS","02098206",2022-05-30,5260,"2022","05","30"
"USGS","02098206",2022-05-31,2350,"2022","05","31"
"USGS","02098206",2022-06-01,222,"2022","06","01"
"USGS","02098206",2022-06-02,220,"2022","06","02"
"USGS","02098206",2022-06-03,228,"2022","06","03"
"USGS","02098206",2022-06-04,300,"2022","06","04"
"USGS","02098206",2022-06-05,324,"2022","06","05"
"USGS","02098206",2022-06-06,389,"2022","06","06"
"USGS","02098206",2022-06-07,405,"2022","06","07"
"USGS","02098206",2022-06-08,443,"2022","06","08"
"USGS","02098206",2022-06-09,377,"2022","06","09"
"USGS","02098206",2022-06-10,343,"2022","06","10"
"USGS","02098206",2022-06-11,367,"2022","06","11"
"USGS","02098206",2022-06-12,371,"2022","06","12"
"USGS","02098206",2022-06-13,337,"2022","06","13"
"USGS","02098206",2022-06-14,406,"2022","06","14"
"USGS","02098206",2022-06-15,511,"2022","06","15"
"USGS","02098206",2022-06-16,467,"2022","06","16"
"USGS","02098206",2022-06-17,421,"2022","06","17"
"USGS","02098206",2022-06-18,405,"2022","06","18"
"USGS","02098206",2022-06-19,412,"2022","06","19"
"USGS","02098206",2022-06-20,395,"2022","06","20"
"USGS","02098206",2022-06-21,432,"2022","06","21"
"USGS","02098206",2022-06-22,416,"2022","06","22"
"USGS","02098206",2022-06-23,430,"2022","06","23"
"USGS","02098206",2022-06-24,416,"2022","06","24"
"USGS","02098206",2022-06-25,552,"2022","06","25"
"USGS","02098206",2022-06-26,594,"2022","06","26"
"USGS","02098206",2022-06-27,592,"2022","06","27"
"USGS","02098206",2022-06-28,567,"2022","06","28"
"USGS","02098206",2022-06-29,527,"2022","06","29"
"USGS","02098206",2022-06-30,547,"2022","06","30"
"USGS","02098206",2022-07-01,591,"2022","07","01"
"USGS","02098206",2022-07-02,558,"2022","07","02"
"USGS","02098206",2022-07-03,508,"2022","07","03"
"USGS","02098206",2022-07-04,512,"2022","07","04"
"USGS","02098206",2022-07-05,455,"2022","07","05"
"USGS","02098206",2022-07-06,465,"2022","07","06"
"USGS","02098206",2022-07-07,463,"2022","07","07"
"USGS","02098206",2022-07-08,433,"2022","07","08"
"USGS","02098206",2022-07-09,387,"2022","07","09"
"USGS","02098206",2022-07-10,368,"2022","07","10"
"USGS","02098206",2022-07-11,328,"2022","07","11"
"USGS","02098206",2022-07-12,378,"2022","07","12"
"USGS","02098206",2022-07-13,404,"2022","07","13"
"USGS","02098206",2022-07-14,402,"2022","07","14"
"USGS","02098206",2022-07-15,402,"2022","07","15"
"USGS","02098206",2022-07-16,405,"2022","07","16"
"USGS","02098206",2022-07-17,418,"2022","07","17"
"USGS","02098206",2022-07-18,318,"2022","07","18"
"USGS","02098206",2022-07-19,237,"2022","07","19"
"USGS","02098206",2022-07-20,248,"2022","07","20"
"USGS","02098206",2022-07-21,233,"2022","07","21"
"USGS","02098206",2022-07-22,231,"2022","07","22"
"USGS","02098206",2022-07-23,311,"2022","07","23"
"USGS","02098206",2022-07-24,519,"2022","07","24"
"USGS","02098206",2022-07-25,339,"2022","07","25"
"USGS","02098206",2022-07-26,215,"2022","07","26"
"USGS","02098206",2022-07-27,343,"2022","07","27"
"USGS","02098206",2022-07-28,370,"2022","07","28"
"USGS","02098206",2022-07-29,341,"2022","07","29"
"USGS","02098206",2022-07-30,342,"2022","07","30"
"USGS","02098206",2022-07-31,350,"2022","07","31"
"USGS","02098206",2022-08-01,293,"2022","08","01"
"USGS","02098206",2022-08-02,2240,"2022","08","02"
"USGS","02098206",2022-08-03,1470,"2022","08","03"
"USGS","02098206",2022-08-04,449,"2022","08","04"
"USGS","02098206",2022-08-05,504,"2022","08","05"
"USGS","02098206",2022-08-06,582,"2022","08","06"
"USGS","02098206",2022-08-07,578,"2022","08","07"
"USGS","02098206",2022-08-08,580,"2022","08","08"
"USGS","02098206",2022-08-09,523,"2022","08","09"
"USGS","02098206",2022-08-10,470,"2022","08","10"
"USGS","02098206",2022-08-11,486,"2022","08","11"
"USGS","02098206",2022-08-12,460,"2022","08","12"
"USGS","02098206",2022-08-13,412,"2022","08","13"
"USGS","02098206",2022-08-14,486,"2022","08","14"
"USGS","02098206",2022-08-15,434,"2022","08","15"
"USGS","02098206",2022-08-16,436,"2022","08","16"
"USGS","02098206",2022-08-17,449,"2022","08","17"
"USGS","02098206",2022-08-18,443,"2022","08","18"
"USGS","02098206",2022-08-19,522,"2022","08","19"
"USGS","02098206",2022-08-20,582,"2022","08","20"
"USGS","02098206",2022-08-21,571,"2022","08","21"
"USGS","02098206",2022-08-22,386,"2022","08","22"
"USGS","02098206",2022-08-23,281,"2022","08","23"
"USGS","02098206",2022-08-24,298,"2022","08","24"
"USGS","02098206",2022-08-25,354,"2022","08","25"
"USGS","02098206",2022-08-26,361,"2022","08","26"
"USGS","02098206",2022-08-27,335,"2022","08","27"
"USGS","02098206",2022-08-28,336,"2022","08","28"
"USGS","02098206",2022-08-29,436,"2022","08","29"
"USGS","02098206",2022-08-30,471,"2022","08","30"
"USGS","02098206",2022-08-31,459,"2022","08","31"
"USGS","02098206",2022-09-01,543,"2022","09","01"
"USGS","02098206",2022-09-02,541,"2022","09","02"
"USGS","02098206",2022-09-03,550,"2022","09","03"
"USGS","02098206",2022-09-04,610,"2022","09","04"
"USGS","02098206",2022-09-05,599,"2022","09","05"
"USGS","02098206",2022-09-06,616,"2022","09","06"
"USGS","02098206",2022-09-07,609,"2022","09","07"
"USGS","02098206",2022-09-08,622,"2022","09","08"
"USGS","02098206",2022-09-09,627,"2022","09","09"
"USGS","02098206",2022-09-10,629,"2022","09","10"
"USGS","02098206",2022-09-11,611,"2022","09","11"
"USGS","02098206",2022-09-12,622,"2022","09","12"
"USGS","02098206",2022-09-13,623,"2022","09","13"
"USGS","02098206",2022-09-14,477,"2022","09","14"
"USGS","02098206",2022-09-15,427,"2022","09","15"
"USGS","02098206",2022-09-16,475,"2022","09","16"
"USGS","02098206",2022-09-17,597,"2022","09","17"
"USGS","02098206",2022-09-18,539,"2022","09","18"
"USGS","02098206",2022-09-19,498,"2022","09","19"
"USGS","02098206",2022-09-20,483,"2022","09","20"
"USGS","02098206",2022-09-21,473,"2022","09","21"
"USGS","02098206",2022-09-22,444,"2022","09","22"
"USGS","02098206",2022-09-23,435,"2022","09","23"
"USGS","02098206",2022-09-24,489,"2022","09","24"
"USGS","02098206",2022-09-25,441,"2022","09","25"
"USGS","02098206",2022-09-26,444,"2022","09","26"
"USGS","02098206",2022-09-27,439,"2022","09","27"
"USGS","02098206",2022-09-28,447,"2022","09","28"
"USGS","02098206",2022-09-29,431,"2022","09","29"
"USGS","02098206",2022-09-30,269,"2022","09","30"
"USGS","02098206",2022-10-01,214,"2022","10","01"
"USGS","02098206",2022-10-02,191,"2022","10","02"
"USGS","02098206",2022-10-03,232,"2022","10","03"
"USGS","02098206",2022-10-04,233,"2022","10","04"
"USGS","02098206",2022-10-05,206,"2022","10","05"
"USGS","02098206",2022-10-06,195,"2022","10","06"
"USGS","02098206",2022-10-07,258,"2022","10","07"
"USGS","02098206",2022-10-08,324,"2022","10","08"
"USGS","02098206",2022-10-09,329,"2022","10","09"
"USGS","02098206",2022-10-10,337,"2022","10","10"
"USGS","02098206",2022-10-11,324,"2022","10","11"
"USGS","02098206",2022-10-12,338,"2022","10","12"
"USGS","02098206",2022-10-13,327,"2022","10","13"
"USGS","02098206",2022-10-14,326,"2022","10","14"
"USGS","02098206",2022-10-15,331,"2022","10","15"
"USGS","02098206",2022-10-16,334,"2022","10","16"
"USGS","02098206",2022-10-17,328,"2022","10","17"
"USGS","02098206",2022-10-18,337,"2022","10","18"
"USGS","02098206",2022-10-19,343,"2022","10","19"
"USGS","02098206",2022-10-20,338,"2022","10","20"
"USGS","02098206",2022-10-21,377,"2022","10","21"
"USGS","02098206",2022-10-22,427,"2022","10","22"
"USGS","02098206",2022-10-23,428,"2022","10","23"
"USGS","02098206",2022-10-24,426,"2022","10","24"
"USGS","02098206",2022-10-25,425,"2022","10","25"
"USGS","02098206",2022-10-26,417,"2022","10","26"
"USGS","02098206",2022-10-27,419,"2022","10","27"
"USGS","02098206",2022-10-28,406,"2022","10","28"
"USGS","02098206",2022-10-29,418,"2022","10","29"
"USGS","02098206",2022-10-30,414,"2022","10","30"
"USGS","02098206",2022-10-31,419,"2022","10","31"
"USGS","02098206",2022-11-01,421,"2022","11","01"
"USGS","02098206",2022-11-02,418,"2022","11","02"
"USGS","02098206",2022-11-03,416,"2022","11","03"
"USGS","02098206",2022-11-04,421,"2022","11","04"
"USGS","02098206",2022-11-05,420,"2022","11","05"
"USGS","02098206",2022-11-06,417,"2022","11","06"
"USGS","02098206",2022-11-07,412,"2022","11","07"
"USGS","02098206",2022-11-08,424,"2022","11","08"
"USGS","02098206",2022-11-09,431,"2022","11","09"
"USGS","02098206",2022-11-10,397,"2022","11","10"
"USGS","02098206",2022-11-11,383,"2022","11","11"
"USGS","02098206",2022-11-12,369,"2022","11","12"
"USGS","02098206",2022-11-13,372,"2022","11","13"
"USGS","02098206",2022-11-14,342,"2022","11","14"
"USGS","02098206",2022-11-15,325,"2022","11","15"
"USGS","02098206",2022-11-16,317,"2022","11","16"
"USGS","02098206",2022-11-17,316,"2022","11","17"
"USGS","02098206",2022-11-18,356,"2022","11","18"
"USGS","02098206",2022-11-19,386,"2022","11","19"
"USGS","02098206",2022-11-20,390,"2022","11","20"
"USGS","02098206",2022-11-21,356,"2022","11","21"
"USGS","02098206",2022-11-22,321,"2022","11","22"
"USGS","02098206",2022-11-23,377,"2022","11","23"
"USGS","02098206",2022-11-24,400,"2022","11","24"
"USGS","02098206",2022-11-25,390,"2022","11","25"
"USGS","02098206",2022-11-26,327,"2022","11","26"
"USGS","02098206",2022-11-27,337,"2022","11","27"
"USGS","02098206",2022-11-28,319,"2022","11","28"
"USGS","02098206",2022-11-29,1570,"2022","11","29"
"USGS","02098206",2022-11-30,2810,"2022","11","30"
"USGS","02098206",2022-12-01,3230,"2022","12","01"
"USGS","02098206",2022-12-02,3330,"2022","12","02"
"USGS","02098206",2022-12-03,2680,"2022","12","03"
"USGS","02098206",2022-12-04,2680,"2022","12","04"
"USGS","02098206",2022-12-05,2090,"2022","12","05"
"USGS","02098206",2022-12-06,977,"2022","12","06"
"USGS","02098206",2022-12-07,642,"2022","12","07"
"USGS","02098206",2022-12-08,1450,"2022","12","08"
"USGS","02098206",2022-12-09,1910,"2022","12","09"
"USGS","02098206",2022-12-10,1370,"2022","12","10"
"USGS","02098206",2022-12-11,1340,"2022","12","11"
"USGS","02098206",2022-12-12,652,"2022","12","12"
"USGS","02098206",2022-12-13,232,"2022","12","13"
"USGS","02098206",2022-12-14,236,"2022","12","14"
"USGS","02098206",2022-12-15,902,"2022","12","15"
"USGS","02098206",2022-12-16,2180,"2022","12","16"
"USGS","02098206",2022-12-17,3620,"2022","12","17"
"USGS","02098206",2022-12-18,3680,"2022","12","18"
"USGS","02098206",2022-12-19,4770,"2022","12","19"
"USGS","02098206",2022-12-20,5950,"2022","12","20"
"USGS","02098206",2022-12-21,4390,"2022","12","21"
"USGS","02098206",2022-12-22,1970,"2022","12","22"
"USGS","02098206",2022-12-23,2140,"2022","12","23"
"USGS","02098206",2022-12-24,3150,"2022","12","24"
"USGS","02098206",2022-12-25,3130,"2022","12","25"
"USGS","02098206",2022-12-26,3110,"2022","12","26"
"USGS","02098206",2022-12-27,3070,"2022","12","27"
"USGS","02098206",2022-12-28,3040,"2022","12","28"
"USGS","02098206",2022-12-29,1920,"2022","12","29"
"USGS","02098206",2022-12-30,902,"2022","12","30"
"USGS","02098206",2022-12-31,867,"2022","12","31"
"USGS","02098206",2023-01-01,861,"2023","01","01"
"USGS","02098206",2023-01-02,871,"2023","01","02"
"USGS","02098206",2023-01-03,1560,"2023","01","03"
"USGS","02098206",2023-01-04,2090,"2023","01","04"
"USGS","02098206",2023-01-05,2810,"2023","01","05"
"USGS","02098206",2023-01-06,3240,"2023","01","06"
"USGS","02098206",2023-01-07,1990,"2023","01","07"
"USGS","02098206",2023-01-08,2010,"2023","01","08"
"USGS","02098206",2023-01-09,2040,"2023","01","09"
"USGS","02098206",2023-01-10,1850,"2023","01","10"
"USGS","02098206",2023-01-11,1660,"2023","01","11"
"USGS","02098206",2023-01-12,958,"2023","01","12"
"USGS","02098206",2023-01-13,1690,"2023","01","13"
"USGS","02098206",2023-01-14,2720,"2023","01","14"
"USGS","02098206",2023-01-15,2650,"2023","01","15"
"USGS","02098206",2023-01-16,2610,"2023","01","16"
"USGS","02098206",2023-01-17,2680,"2023","01","17"
"USGS","02098206",2023-01-18,2130,"2023","01","18"
"USGS","02098206",2023-01-19,1380,"2023","01","19"
"USGS","02098206",2023-01-20,770,"2023","01","20"
"USGS","02098206",2023-01-21,400,"2023","01","21"
"USGS","02098206",2023-01-22,402,"2023","01","22"
"USGS","02098206",2023-01-23,1800,"2023","01","23"
"USGS","02098206",2023-01-24,3830,"2023","01","24"
"USGS","02098206",2023-01-25,5290,"2023","01","25"
"USGS","02098206",2023-01-26,5430,"2023","01","26"
"USGS","02098206",2023-01-27,4530,"2023","01","27"
"USGS","02098206",2023-01-28,3520,"2023","01","28"
"USGS","02098206",2023-01-29,3540,"2023","01","29"
"USGS","02098206",2023-01-30,4160,"2023","01","30"
"USGS","02098206",2023-01-31,3360,"2023","01","31"
"USGS","02098206",2023-02-01,2270,"2023","02","01"
"USGS","02098206",2023-02-02,2050,"2023","02","02"
"USGS","02098206",2023-02-03,2910,"2023","02","03"
"USGS","02098206",2023-02-04,3860,"2023","02","04"
"USGS","02098206",2023-02-05,3860,"2023","02","05"
"USGS","02098206",2023-02-06,1970,"2023","02","06"
"USGS","02098206",2023-02-07,624,"2023","02","07"
"USGS","02098206",2023-02-08,612,"2023","02","08"
"USGS","02098206",2023-02-09,615,"2023","02","09"
"USGS","02098206",2023-02-10,625,"2023","02","10"
"USGS","02098206",2023-02-11,643,"2023","02","11"
"USGS","02098206",2023-02-12,547,"2023","02","12"
"USGS","02098206",2023-02-13,589,"2023","02","13"
"USGS","02098206",2023-02-14,1510,"2023","02","14"
"USGS","02098206",2023-02-15,4580,"2023","02","15"
"USGS","02098206",2023-02-16,8600,"2023","02","16"
"USGS","02098206",2023-02-17,6970,"2023","02","17"
"USGS","02098206",2023-02-18,4890,"2023","02","18"
"USGS","02098206",2023-02-19,4850,"2023","02","19"
"USGS","02098206",2023-02-20,4850,"2023","02","20"
"USGS","02098206",2023-02-21,3100,"2023","02","21"
"USGS","02098206",2023-02-22,1440,"2023","02","22"
"USGS","02098206",2023-02-23,1190,"2023","02","23"
"USGS","02098206",2023-02-24,908,"2023","02","24"
"USGS","02098206",2023-02-25,1120,"2023","02","25"
"USGS","02098206",2023-02-26,1090,"2023","02","26"
"USGS","02098206",2023-02-27,1120,"2023","02","27"
"USGS","02098206",2023-02-28,1140,"2023","02","28"
"USGS","02098206",2023-03-01,1000,"2023","03","01"
"USGS","02098206",2023-03-02,898,"2023","03","02"
"USGS","02098206",2023-03-03,2590,"2023","03","03"
"USGS","02098206",2023-03-04,3700,"2023","03","04"
"USGS","02098206",2023-03-05,3690,"2023","03","05"
"USGS","02098206",2023-03-06,2770,"2023","03","06"
"USGS","02098206",2023-03-07,1550,"2023","03","07"
"USGS","02098206",2023-03-08,1490,"2023","03","08"
"USGS","02098206",2023-03-09,861,"2023","03","09"
"USGS","02098206",2023-03-10,441,"2023","03","10"
"USGS","02098206",2023-03-11,440,"2023","03","11"
"USGS","02098206",2023-03-12,450,"2023","03","12"
"USGS","02098206",2023-03-13,1650,"2023","03","13"
"USGS","02098206",2023-03-14,2310,"2023","03","14"
"USGS","02098206",2023-03-15,1480,"2023","03","15"
"USGS","02098206",2023-03-16,749,"2023","03","16"
"USGS","02098206",2023-03-17,431,"2023","03","17"
"USGS","02098206",2023-03-18,426,"2023","03","18"
"USGS","02098206",2023-03-19,422,"2023","03","19"
"USGS","02098206",2023-03-20,2190,"2023","03","20"
"USGS","02098206",2023-03-21,2780,"2023","03","21"
"USGS","02098206",2023-03-22,1390,"2023","03","22"
"USGS","02098206",2023-03-23,811,"2023","03","23"
"USGS","02098206",2023-03-24,389,"2023","03","24"
"USGS","02098206",2023-03-25,323,"2023","03","25"
"USGS","02098206",2023-03-26,317,"2023","03","26"
"USGS","02098206",2023-03-27,1050,"2023","03","27"
"USGS","02098206",2023-03-28,3360,"2023","03","28"
"USGS","02098206",2023-03-29,3030,"2023","03","29"
"USGS","02098206",2023-03-30,1340,"2023","03","30"
"USGS","02098206",2023-03-31,1060,"2023","03","31"
"USGS","02098206",2023-04-01,656,"2023","04","01"
"USGS","02098206",2023-04-02,646,"2023","04","02"
"USGS","02098206",2023-04-03,771,"2023","04","03"
"USGS","02098206",2023-04-04,878,"2023","04","04"
"USGS","02098206",2023-04-05,889,"2023","04","05"
"USGS","02098206",2023-04-06,885,"2023","04","06"
"USGS","02098206",2023-04-07,562,"2023","04","07"
"USGS","02098206",2023-04-08,231,"2023","04","08"
"USGS","02098206",2023-04-09,192,"2023","04","09"
"USGS","02098206",2023-04-10,678,"2023","04","10"
"USGS","02098206",2023-04-11,5530,"2023","04","11"
"USGS","02098206",2023-04-12,9230,"2023","04","12"
"USGS","02098206",2023-04-13,9220,"2023","04","13"
"USGS","02098206",2023-04-14,9140,"2023","04","14"
"USGS","02098206",2023-04-15,9020,"2023","04","15"
"USGS","02098206",2023-04-16,9010,"2023","04","16"
"USGS","02098206",2023-04-17,8970,"2023","04","17"
"USGS","02098206",2023-04-18,8220,"2023","04","18"
"USGS","02098206",2023-04-19,6520,"2023","04","19"
"USGS","02098206",2023-04-20,4800,"2023","04","20"
"USGS","02098206",2023-04-21,4000,"2023","04","21"
"USGS","02098206",2023-04-22,2630,"2023","04","22"
"USGS","02098206",2023-04-23,2190,"2023","04","23"
"USGS","02098206",2023-04-24,2210,"2023","04","24"
"USGS","02098206",2023-04-25,1490,"2023","04","25"
"USGS","02098206",2023-04-26,1080,"2023","04","26"
"USGS","02098206",2023-04-27,681,"2023","04","27"
"USGS","02098206",2023-04-28,469,"2023","04","28"
"USGS","02098206",2023-04-29,477,"2023","04","29"
"USGS","02098206",2023-04-30,473,"2023","04","30"
"USGS","02098206",2023-05-01,520,"2023","05","01"
"USGS","02098206",2023-05-02,3720,"2023","05","02"
"USGS","02098206",2023-05-03,6400,"2023","05","03"
"USGS","02098206",2023-05-04,5280,"2023","05","04"
"USGS","02098206",2023-05-05,3000,"2023","05","05"
"USGS","02098206",2023-05-06,2470,"2023","05","06"
"USGS","02098206",2023-05-07,3290,"2023","05","07"
"USGS","02098206",2023-05-08,2450,"2023","05","08"
"USGS","02098206",2023-05-09,1130,"2023","05","09"
"USGS","02098206",2023-05-10,794,"2023","05","10"
"USGS","02098206",2023-05-11,626,"2023","05","11"
"USGS","02098206",2023-05-12,631,"2023","05","12"
"USGS","02098206",2023-05-13,651,"2023","05","13"
"USGS","02098206",2023-05-14,640,"2023","05","14"
"USGS","02098206",2023-05-15,630,"2023","05","15"
"USGS","02098206",2023-05-16,602,"2023","05","16"
"USGS","02098206",2023-05-17,644,"2023","05","17"
"USGS","02098206",2023-05-18,610,"2023","05","18"
"USGS","02098206",2023-05-19,628,"2023","05","19"
"USGS","02098206",2023-05-20,622,"2023","05","20"
"USGS","02098206",2023-05-21,493,"2023","05","21"
"USGS","02098206",2023-05-22,380,"2023","05","22"
"USGS","02098206",2023-05-23,329,"2023","05","23"
"USGS","02098206",2023-05-24,327,"2023","05","24"
"USGS","02098206",2023-05-25,315,"2023","05","25"
"USGS","02098206",2023-05-26,263,"2023","05","26"
"USGS","02098206",2023-05-27,267,"2023","05","27"
"USGS","02098206",2023-05-28,233,"2023","05","28"
"USGS","02098206",2023-05-29,234,"2023","05","29"
"USGS","02098206",2023-05-30,270,"2023","05","30"
"USGS","02098206",2023-05-31,219,"2023","05","31"
"USGS","02098206",2023-06-01,212,"2023","06","01"
"USGS","02098206",2023-06-02,210,"2023","06","02"
"USGS","02098206",2023-06-03,204,"2023","06","03"
"USGS","02098206",2023-06-04,220,"2023","06","04"
"USGS","02098206",2023-06-05,262,"2023","06","05"
"USGS","02098206",2023-06-06,339,"2023","06","06"
"USGS","02098206",2023-06-07,361,"2023","06","07"
"USGS","02098206",2023-06-08,346,"2023","06","08"
"USGS","02098206",2023-06-09,438,"2023","06","09"
"USGS","02098206",2023-06-10,489,"2023","06","10"
"USGS","02098206",2023-06-11,452,"2023","06","11"
"USGS","02098206",2023-06-12,457,"2023","06","12"
"USGS","02098206",2023-06-13,423,"2023","06","13"
"USGS","02098206",2023-06-14,438,"2023","06","14"
"USGS","02098206",2023-06-15,457,"2023","06","15"
"USGS","02098206",2023-06-16,477,"2023","06","16"
"USGS","02098206",2023-06-17,480,"2023","06","17"
"USGS","02098206",2023-06-18,469,"2023","06","18"
"USGS","02098206",2023-06-19,492,"2023","06","19"
"USGS","02098206",2023-06-20,487,"2023","06","20"
"USGS","02098206",2023-06-21,481,"2023","06","21"
"USGS","02098206",2023-06-22,491,"2023","06","22"
"USGS","02098206",2023-06-23,1370,"2023","06","23"
"USGS","02098206",2023-06-24,2650,"2023","06","24"
"USGS","02098206",2023-06-25,2830,"2023","06","25"
"USGS","02098206",2023-06-26,3870,"2023","06","26"
"USGS","02098206",2023-06-27,5040,"2023","06","27"
"USGS","02098206",2023-06-28,3570,"2023","06","28"
"USGS","02098206",2023-06-29,1930,"2023","06","29"
"USGS","02098206",2023-06-30,1150,"2023","06","30"
"USGS","02098206",2023-07-01,884,"2023","07","01"
"USGS","02098206",2023-07-02,915,"2023","07","02"
"USGS","02098206",2023-07-03,1570,"2023","07","03"
"USGS","02098206",2023-07-04,2350,"2023","07","04"
"USGS","02098206",2023-07-05,2110,"2023","07","05"
"USGS","02098206",2023-07-06,1850,"2023","07","06"
"USGS","02098206",2023-07-07,1220,"2023","07","07"
"USGS","02098206",2023-07-08,907,"2023","07","08"
"USGS","02098206",2023-07-09,1900,"2023","07","09"
"USGS","02098206",2023-07-10,3400,"2023","07","10"
"USGS","02098206",2023-07-11,3400,"2023","07","11"
"USGS","02098206",2023-07-12,3410,"2023","07","12"
"USGS","02098206",2023-07-13,2660,"2023","07","13"
"USGS","02098206",2023-07-14,1800,"2023","07","14"
"USGS","02098206",2023-07-15,1790,"2023","07","15"
"USGS","02098206",2023-07-16,1740,"2023","07","16"
"USGS","02098206",2023-07-17,1790,"2023","07","17"
"USGS","02098206",2023-07-18,1770,"2023","07","18"
"USGS","02098206",2023-07-19,1830,"2023","07","19"
"USGS","02098206",2023-07-20,1110,"2023","07","20"
"USGS","02098206",2023-07-21,915,"2023","07","21"
"USGS","02098206",2023-07-22,947,"2023","07","22"
"USGS","02098206",2023-07-23,727,"2023","07","23"
"USGS","02098206",2023-07-24,570,"2023","07","24"
"USGS","02098206",2023-07-25,514,"2023","07","25"
"USGS","02098206",2023-07-26,486,"2023","07","26"
"USGS","02098206",2023-07-27,478,"2023","07","27"
"USGS","02098206",2023-07-28,507,"2023","07","28"
"USGS","02098206",2023-07-29,525,"2023","07","29"
"USGS","02098206",2023-07-30,528,"2023","07","30"
"USGS","02098206",2023-07-31,542,"2023","07","31"
"USGS","02098206",2023-08-01,529,"2023","08","01"
"USGS","02098206",2023-08-02,916,"2023","08","02"
"USGS","02098206",2023-08-03,771,"2023","08","03"
"USGS","02098206",2023-08-04,504,"2023","08","04"
"USGS","02098206",2023-08-05,537,"2023","08","05"
"USGS","02098206",2023-08-06,521,"2023","08","06"
"USGS","02098206",2023-08-07,566,"2023","08","07"
"USGS","02098206",2023-08-08,528,"2023","08","08"
"USGS","02098206",2023-08-09,559,"2023","08","09"
"USGS","02098206",2023-08-10,566,"2023","08","10"
"USGS","02098206",2023-08-11,551,"2023","08","11"
"USGS","02098206",2023-08-12,548,"2023","08","12"
"USGS","02098206",2023-08-13,524,"2023","08","13"
"USGS","02098206",2023-08-14,519,"2023","08","14"
"USGS","02098206",2023-08-15,529,"2023","08","15"
"USGS","02098206",2023-08-16,494,"2023","08","16"
"USGS","02098206",2023-08-17,502,"2023","08","17"
"USGS","02098206",2023-08-18,534,"2023","08","18"
"USGS","02098206",2023-08-19,538,"2023","08","19"
"USGS","02098206",2023-08-20,539,"2023","08","20"
"USGS","02098206",2023-08-21,549,"2023","08","21"
"USGS","02098206",2023-08-22,590,"2023","08","22"
"USGS","02098206",2023-08-23,596,"2023","08","23"
"USGS","02098206",2023-08-24,594,"2023","08","24"
"USGS","02098206",2023-08-25,577,"2023","08","25"
"USGS","02098206",2023-08-26,585,"2023","08","26"
"USGS","02098206",2023-08-27,574,"2023","08","27"
"USGS","02098206",2023-08-28,436,"2023","08","28"
"USGS","02098206",2023-08-29,231,"2023","08","29"
"USGS","02098206",2023-08-30,232,"2023","08","30"
"USGS","02098206",2023-08-31,226,"2023","08","31"
"USGS","02098206",2023-09-01,227,"2023","09","01"
"USGS","02098206",2023-09-02,222,"2023","09","02"
"USGS","02098206",2023-09-03,249,"2023","09","03"
"USGS","02098206",2023-09-04,401,"2023","09","04"
"USGS","02098206",2023-09-05,534,"2023","09","05"
"USGS","02098206",2023-09-06,530,"2023","09","06"
"USGS","02098206",2023-09-07,530,"2023","09","07"
"USGS","02098206",2023-09-08,536,"2023","09","08"
"USGS","02098206",2023-09-09,486,"2023","09","09"
"USGS","02098206",2023-09-10,545,"2023","09","10"
"USGS","02098206",2023-09-11,545,"2023","09","11"
"USGS","02098206",2023-09-12,538,"2023","09","12"
"USGS","02098206",2023-09-13,542,"2023","09","13"
"USGS","02098206",2023-09-14,347,"2023","09","14"
"USGS","02098206",2023-09-15,419,"2023","09","15"
"USGS","02098206",2023-09-16,547,"2023","09","16"
"USGS","02098206",2023-09-17,543,"2023","09","17"
"USGS","02098206",2023-09-18,543,"2023","09","18"
"USGS","02098206",2023-09-19,540,"2023","09","19"
"USGS","02098206",2023-09-20,551,"2023","09","20"
"USGS","02098206",2023-09-21,547,"2023","09","21"
"USGS","02098206",2023-09-22,547,"2023","09","22"
"USGS","02098206",2023-09-23,557,"2023","09","23"
"USGS","02098206",2023-09-24,542,"2023","09","24"
"USGS","02098206",2023-09-25,545,"2023","09","25"
"USGS","02098206",2023-09-26,535,"2023","09","26"
"USGS","02098206",2023-09-27,553,"2023","09","27"
"USGS","02098206",2023-09-28,545,"2023","09","28"
"USGS","02098206",2023-09-29,496,"2023","09","29"
"USGS","02098206",2023-09-30,543,"2023","09","30"
"USGS","02098206",2023-10-01,542,"2023","10","01"
"USGS","02098206",2023-10-02,543,"2023","10","02"
"USGS","02098206",2023-10-03,498,"2023","10","03"
"USGS","02098206",2023-10-04,462,"2023","10","04"
"USGS","02098206",2023-10-05,462,"2023","10","05"
"USGS","02098206",2023-10-06,463,"2023","10","06"
"USGS","02098206",2023-10-07,473,"2023","10","07"
"USGS","02098206",2023-10-08,487,"2023","10","08"
"USGS","02098206",2023-10-09,488,"2023","10","09"
"USGS","02098206",2023-10-10,472,"2023","10","10"
"USGS","02098206",2023-10-11,474,"2023","10","11"
"USGS","02098206",2023-10-12,486,"2023","10","12"
"USGS","02098206",2023-10-13,473,"2023","10","13"
"USGS","02098206",2023-10-14,477,"2023","10","14"
"USGS","02098206",2023-10-15,460,"2023","10","15"
"USGS","02098206",2023-10-16,451,"2023","10","16"
"USGS","02098206",2023-10-17,452,"2023","10","17"
"USGS","02098206",2023-10-18,447,"2023","10","18"
"USGS","02098206",2023-10-19,460,"2023","10","19"
"USGS","02098206",2023-10-20,455,"2023","10","20"
"USGS","02098206",2023-10-21,462,"2023","10","21"
"USGS","02098206",2023-10-22,463,"2023","10","22"
"USGS","02098206",2023-10-23,456,"2023","10","23"
"USGS","02098206",2023-10-24,453,"2023","10","24"
"USGS","02098206",2023-10-25,447,"2023","10","25"
"USGS","02098206",2023-10-26,448,"2023","10","26"
"USGS","02098206",2023-10-27,450,"2023","10","27"
"USGS","02098206",2023-10-28,448,"2023","10","28"
"USGS","02098206",2023-10-29,442,"2023","10","29"
"USGS","02098206",2023-10-30,435,"2023","10","30"
"USGS","02098206",2023-10-31,464,"2023","10","31"
"USGS","02098206",2023-11-01,459,"2023","11","01"
"USGS","02098206",2023-11-02,428,"2023","11","02"
"USGS","02098206",2023-11-03,398,"2023","11","03"
"USGS","02098206",2023-11-04,370,"2023","11","04"
"USGS","02098206",2023-11-05,367,"2023","11","05"
"USGS","02098206",2023-11-06,368,"2023","11","06"
"USGS","02098206",2023-11-07,365,"2023","11","07"
"USGS","02098206",2023-11-08,361,"2023","11","08"
"USGS","02098206",2023-11-09,361,"2023","11","09"
"USGS","02098206",2023-11-10,370,"2023","11","10"
"USGS","02098206",2023-11-11,383,"2023","11","11"
"USGS","02098206",2023-11-12,373,"2023","11","12"
"USGS","02098206",2023-11-13,383,"2023","11","13"
"USGS","02098206",2023-11-14,370,"2023","11","14"
"USGS","02098206",2023-11-15,357,"2023","11","15"
"USGS","02098206",2023-11-16,341,"2023","11","16"
"USGS","02098206",2023-11-17,336,"2023","11","17"
"USGS","02098206",2023-11-18,340,"2023","11","18"
"USGS","02098206",2023-11-19,337,"2023","11","19"
"USGS","02098206",2023-11-20,346,"2023","11","20"
"USGS","02098206",2023-11-21,298,"2023","11","21"
"USGS","02098206",2023-11-22,189,"2023","11","22"
"USGS","02098206",2023-11-23,156,"2023","11","23"
"USGS","02098206",2023-11-24,174,"2023","11","24"
"USGS","02098206",2023-11-25,170,"2023","11","25"
"USGS","02098206",2023-11-26,203,"2023","11","26"
"USGS","02098206",2023-11-27,206,"2023","11","27"
"USGS","02098206",2023-11-28,205,"2023","11","28"
"USGS","02098206",2023-11-29,212,"2023","11","29"
"USGS","02098206",2023-11-30,231,"2023","11","30"
"USGS","02098206",2023-12-01,253,"2023","12","01"
"USGS","02098206",2023-12-02,254,"2023","12","02"
"USGS","02098206",2023-12-03,253,"2023","12","03"
"USGS","02098206",2023-12-04,247,"2023","12","04"
"USGS","02098206",2023-12-05,248,"2023","12","05"
"USGS","02098206",2023-12-06,260,"2023","12","06"
"USGS","02098206",2023-12-07,249,"2023","12","07"
"USGS","02098206",2023-12-08,248,"2023","12","08"
"USGS","02098206",2023-12-09,242,"2023","12","09"
"USGS","02098206",2023-12-10,262,"2023","12","10"
"USGS","02098206",2023-12-11,256,"2023","12","11"
"USGS","02098206",2023-12-12,244,"2023","12","12"
"USGS","02098206",2023-12-13,267,"2023","12","13"
"USGS","02098206",2023-12-14,257,"2023","12","14"
"USGS","02098206",2023-12-15,248,"2023","12","15"
"USGS","02098206",2023-12-16,250,"2023","12","16"
"USGS","02098206",2023-12-17,228,"2023","12","17"
"USGS","02098206",2023-12-18,219,"2023","12","18"
"USGS","02098206",2023-12-19,2200,"2023","12","19"
"USGS","02098206",2023-12-20,5190,"2023","12","20"
"USGS","02098206",2023-12-21,5170,"2023","12","21"
"USGS","02098206",2023-12-22,3590,"2023","12","22"
"USGS","02098206",2023-12-23,2130,"2023","12","23"
"USGS","02098206",2023-12-24,2120,"2023","12","24"
"USGS","02098206",2023-12-25,2130,"2023","12","25"
"USGS","02098206",2023-12-26,2170,"2023","12","26"
"USGS","02098206",2023-12-27,2020,"2023","12","27"
"USGS","02098206",2023-12-28,1870,"2023","12","28"
"USGS","02098206",2023-12-29,2000,"2023","12","29"
"USGS","02098206",2023-12-30,2380,"2023","12","30"
"USGS","02098206",2023-12-31,2950,"2023","12","31"
"USGS","02098206",2024-01-01,4130,"2024","01","01"
"USGS","02098206",2024-01-02,2610,"2024","01","02"
"USGS","02098206",2024-01-03,4810,"2024","01","03"
"USGS","02098206",2024-01-04,5900,"2024","01","04"
"USGS","02098206",2024-01-05,5750,"2024","01","05"
"USGS","02098206",2024-01-06,5820,"2024","01","06"
"USGS","02098206",2024-01-07,5750,"2024","01","07"
"USGS","02098206",2024-01-08,3800,"2024","01","08"
"USGS","02098206",2024-01-09,429,"2024","01","09"
"USGS","02098206",2024-01-10,236,"2024","01","10"
"USGS","02098206",2024-01-11,1440,"2024","01","11"
"USGS","02098206",2024-01-12,4690,"2024","01","12"
"USGS","02098206",2024-01-13,5160,"2024","01","13"
"USGS","02098206",2024-01-14,5800,"2024","01","14"
"USGS","02098206",2024-01-15,7860,"2024","01","15"
"USGS","02098206",2024-01-16,8840,"2024","01","16"
"USGS","02098206",2024-01-17,9960,"2024","01","17"
"USGS","02098206",2024-01-18,9920,"2024","01","18"
"USGS","02098206",2024-01-19,9800,"2024","01","19"
"USGS","02098206",2024-01-20,9680,"2024","01","20"
"USGS","02098206",2024-01-21,9670,"2024","01","21"
"USGS","02098206",2024-01-22,9620,"2024","01","22"
"USGS","02098206",2024-01-23,8760,"2024","01","23"
"USGS","02098206",2024-01-24,7230,"2024","01","24"
"USGS","02098206",2024-01-25,5990,"2024","01","25"
"USGS","02098206",2024-01-26,3330,"2024","01","26"
"USGS","02098206",2024-01-27,1430,"2024","01","27"
"USGS","02098206",2024-01-28,1340,"2024","01","28"
